country_name,year,pm25_concentration,latitude,longitude
Afghanistan,2019,120.0,34.53581,69.19051
Albania,2014,14.666666666666666,41.111,20.0817
Albania,2015,16.25,41.111,20.0817
Albania,2016,17.666666666666668,41.111,20.0817
Albania,2017,14.0,41.111,20.0817
Albania,2019,10.0,41.111,20.0817
Algeria,2019,22.0,36.7558,3.03911
Argentina,2014,10.0,-34.56,-58.506
Argentina,2020,14.0,-34.56,-58.506
Argentina,2021,14.666666666666666,-34.56,-58.506
Australia,2010,16.8,-33.6482,115.352
Australia,2011,13.6,-33.6482,115.352
Australia,2012,15.571428571428571,-33.6482,115.352
Australia,2013,10.411764705882353,-33.6482,115.352
Australia,2014,7.3,-33.6482,115.352
Australia,2015,6.9375,-33.6482,115.352
Australia,2016,6.666666666666667,-33.6482,115.352
Australia,2017,7.333333333333333,-33.6482,115.352
Australia,2018,8.333333333333334,-33.6482,115.352
Australia,2019,7.377049180327869,-33.6482,115.352
Austria,2010,18.272727272727273,48.21333333,15.19722222
Austria,2013,15.787878787878787,48.21333333,15.19722222
Austria,2014,12.96551724137931,48.21333333,15.19722222
Austria,2015,13.71875,48.21333333,15.19722222
Austria,2016,12.606060606060606,48.21333333,15.19722222
Austria,2017,12.558823529411764,48.21333333,15.19722222
Austria,2018,13.515151515151516,48.21333333,15.19722222
Austria,2019,11.121212121212121,48.21333333,15.19722222
Austria,2020,9.921052631578947,48.21333333,15.19722222
Austria,2021,10.390243902439025,48.21333333,15.19722222
Bahamas,2018,5.0,25.06254,-77.34748
Bahamas,2019,4.0,25.06254,-77.34748
Bahrain,2012,54.6,26.204765,50.571119
Bahrain,2016,62.0,26.204765,50.571119
Bahrain,2017,63.0,26.204765,50.571119
Bahrain,2018,60.0,26.204765,50.571119
Bahrain,2019,43.666666666666664,26.204765,50.571119
Bangladesh,2010,92.5,23.79637,90.42461
Bangladesh,2011,101.5,23.79637,90.42461
Bangladesh,2012,101.0,23.79637,90.42461
Bangladesh,2013,76.125,23.79637,90.42461
Bangladesh,2014,81.22222222222223,23.79637,90.42461
Bangladesh,2015,78.11111111111111,23.79637,90.42461
Bangladesh,2016,69.0,23.79637,90.42461
Bangladesh,2017,54.666666666666664,23.79637,90.42461
Bangladesh,2018,71.875,23.79637,90.42461
Bangladesh,2019,86.0,23.79637,90.42461
Belarus,2020,30.0,53.1449683,29.2281209
Belgium,2010,16.772727272727273,50.833035,3.404508
Belgium,2013,14.244444444444444,50.833035,3.404508
Belgium,2014,12.0,50.833035,3.404508
Belgium,2015,12.609756097560975,50.833035,3.404508
Belgium,2016,12.571428571428571,50.833035,3.404508
Belgium,2017,12.285714285714286,50.833035,3.404508
Belgium,2018,12.857142857142858,50.833035,3.404508
Belgium,2019,11.181818181818182,50.833035,3.404508
Belgium,2020,9.454545454545455,50.833035,3.404508
Benin,2020,8.0,6.299147,2.332126
Bosnia and Herzegovina,2010,65.0,43.6616,18.9775
Bosnia and Herzegovina,2016,49.0,43.6616,18.9775
Bosnia and Herzegovina,2017,46.2,43.6616,18.9775
Bosnia and Herzegovina,2018,46.5,43.6616,18.9775
Bosnia and Herzegovina,2019,39.333333333333336,43.6616,18.9775
Bosnia and Herzegovina,2020,36.42857142857143,43.6616,18.9775
Bosnia and Herzegovina,2021,30.444444444444443,43.6616,18.9775
Brazil,2010,16.25,-25.568845,-49.382167
Brazil,2011,15.6,-25.568845,-49.382167
Brazil,2012,15.4,-25.568845,-49.382167
Brazil,2013,14.214285714285714,-25.568845,-49.382167
Brazil,2014,16.0,-25.568845,-49.382167
Brazil,2015,13.23076923076923,-25.568845,-49.382167
Brazil,2016,15.666666666666666,-25.568845,-49.382167
Brazil,2018,15.3,-25.568845,-49.382167
Brazil,2019,15.444444444444445,-25.568845,-49.382167
Bulgaria,2010,23.875,42.1465,25.8754
Bulgaria,2013,19.09090909090909,42.1465,25.8754
Bulgaria,2014,21.5,42.1465,25.8754
Bulgaria,2015,20.0,42.1465,25.8754
Bulgaria,2016,17.8,42.1465,25.8754
Bulgaria,2017,18.125,42.1465,25.8754
Bulgaria,2018,19.5,42.1465,25.8754
Bulgaria,2019,17.875,42.1465,25.8754
Bulgaria,2020,14.666666666666666,42.1465,25.8754
Bulgaria,2021,13.285714285714286,42.1465,25.8754
Bulgaria,2022,13.0,42.1465,25.8754
Cambodia,2019,24.2,13.743552,106.993592
Cambodia,2020,17.56,13.743552,106.993592
Cambodia,2021,20.04,13.743552,106.993592
Cameroon,2012,82.66666666666667,5.933300018,10.16670036
Canada,2013,6.882882882882883,42.912545,-82.416816
Canada,2015,6.873333333333333,42.912545,-82.416816
Canada,2016,5.795918367346939,42.912545,-82.416816
Canada,2017,6.72108843537415,42.912545,-82.416816
Canada,2018,7.384615384615385,42.912545,-82.416816
Canada,2019,5.854014598540146,42.912545,-82.416816
Canada,2020,5.994252873563219,42.912545,-82.416816
Chile,2010,25.727272727272727,-18.48338486,-70.29058595
Chile,2011,26.363636363636363,-18.48338486,-70.29058595
Chile,2012,25.0,-18.48338486,-70.29058595
Chile,2013,30.36842105263158,-18.48338486,-70.29058595
Chile,2014,26.242424242424242,-18.48338486,-70.29058595
Chile,2015,25.57894736842105,-18.48338486,-70.29058595
Chile,2016,25.83783783783784,-18.48338486,-70.29058595
Chile,2018,15.0,-18.48338486,-70.29058595
Chile,2019,19.08108108108108,-18.48338486,-70.29058595
China,2011,75.33333333333333,38.8395,105.69215
China,2012,56.8,38.8395,105.69215
China,2013,70.89189189189189,38.8395,105.69215
China,2014,52.330232558139535,38.8395,105.69215
China,2015,49.47445255474452,38.8395,105.69215
China,2016,45.6368,38.8395,105.69215
China,2017,44.62162162162162,38.8395,105.69215
China,2018,40.44700460829493,38.8395,105.69215
China,2019,38.551901336073996,38.8395,105.69215
China,2020,33.63799283154122,38.8395,105.69215
Colombia,2010,32.0,,
Colombia,2011,24.0,,
Colombia,2012,24.5,,
Colombia,2013,23.0,,
Colombia,2014,23.0,,
Colombia,2015,25.4,,
Colombia,2016,19.5,,
Colombia,2017,18.0,,
Colombia,2018,17.4,,
Colombia,2019,17.9,,
Colombia,2020,17.0,,
Colombia,2021,16.0,,
Costa Rica,2013,18.5,10.01013279,-84.01145172
Costa Rica,2015,24.0,10.01013279,-84.01145172
Costa Rica,2018,22.5,10.01013279,-84.01145172
Costa Rica,2019,24.5,10.01013279,-84.01145172
Costa Rica,2020,24.5,10.01013279,-84.01145172
Croatia,2013,30.0,42.6447,18.1226
Croatia,2014,13.5,42.6447,18.1226
Croatia,2015,16.5,42.6447,18.1226
Croatia,2016,17.2,42.6447,18.1226
Croatia,2017,15.4,42.6447,18.1226
Croatia,2018,16.5,42.6447,18.1226
Croatia,2019,13.8,42.6447,18.1226
Croatia,2020,12.4,42.6447,18.1226
Cuba,2015,35.0,23.1242,-82.3747
Cyprus,2010,20.0,34.91361237,33.61583328
Cyprus,2013,16.0,34.91361237,33.61583328
Cyprus,2014,16.2,34.91361237,33.61583328
Cyprus,2015,16.0,34.91361237,33.61583328
Cyprus,2016,11.0,34.91361237,33.61583328
Cyprus,2017,13.75,34.91361237,33.61583328
Cyprus,2018,12.5,34.91361237,33.61583328
Cyprus,2019,13.0,34.91361237,33.61583328
Cyprus,2020,12.75,34.91361237,33.61583328
Cyprus,2021,12.25,34.91361237,33.61583328
Czechia,2010,23.666666666666668,49.77714129,17.54194671
Czechia,2013,20.52,49.77714129,17.54194671
Czechia,2014,19.666666666666668,49.77714129,17.54194671
Czechia,2015,19.083333333333332,49.77714129,17.54194671
Czechia,2016,18.367346938775512,49.77714129,17.54194671
Czechia,2017,18.96,49.77714129,17.54194671
Czechia,2018,20.46938775510204,49.77714129,17.54194671
Czechia,2019,15.148148148148149,49.77714129,17.54194671
Czechia,2020,12.836065573770492,49.77714129,17.54194671
Czechia,2021,14.39344262295082,49.77714129,17.54194671
Denmark,2010,14.666666666666666,57.049444,9.924178
Denmark,2013,11.166666666666666,57.049444,9.924178
Denmark,2014,13.5,57.049444,9.924178
Denmark,2015,10.333333333333334,57.049444,9.924178
Denmark,2016,10.0,57.049444,9.924178
Denmark,2017,9.25,57.049444,9.924178
Denmark,2018,12.75,57.049444,9.924178
Denmark,2019,10.5,57.049444,9.924178
Denmark,2020,7.75,57.049444,9.924178
Dominican Republic,2019,41.333333333333336,19.7893977,-70.6940515
Dominican Republic,2020,41.5,19.7893977,-70.6940515
Dominican Republic,2021,47.0,19.7893977,-70.6940515
Ecuador,2010,19.0,-0.254411012,-79.17269135
Ecuador,2011,17.0,-0.254411012,-79.17269135
Ecuador,2012,18.0,-0.254411012,-79.17269135
Ecuador,2013,13.5,-0.254411012,-79.17269135
Ecuador,2014,6.0,-0.254411012,-79.17269135
Ecuador,2015,8.0,-0.254411012,-79.17269135
Ecuador,2016,10.0,-0.254411012,-79.17269135
Ecuador,2017,11.0,-0.254411012,-79.17269135
Ecuador,2018,10.0,-0.254411012,-79.17269135
Ecuador,2019,10.0,-0.254411012,-79.17269135
Ecuador,2020,8.0,-0.254411012,-79.17269135
El Salvador,2010,30.0,13.71053028,-89.17614365
El Salvador,2011,34.0,13.71053028,-89.17614365
El Salvador,2012,40.0,13.71053028,-89.17614365
El Salvador,2013,44.0,13.71053028,-89.17614365
El Salvador,2014,42.0,13.71053028,-89.17614365
El Salvador,2015,28.0,13.71053028,-89.17614365
El Salvador,2016,27.0,13.71053028,-89.17614365
El Salvador,2018,29.0,13.71053028,-89.17614365
Estonia,2010,7.666666666666667,58.3761,21.845
Estonia,2013,6.181818181818182,58.3761,21.845
Estonia,2014,7.428571428571429,58.3761,21.845
Estonia,2015,5.571428571428571,58.3761,21.845
Estonia,2016,5.0,58.3761,21.845
Estonia,2017,4.428571428571429,58.3761,21.845
Estonia,2018,6.0,58.3761,21.845
Estonia,2019,4.571428571428571,58.3761,21.845
Estonia,2020,4.428571428571429,58.3761,21.845
Estonia,2021,4.857142857142857,58.3761,21.845
Estonia,2022,5.142857142857143,58.3761,21.845
Ethiopia,2016,29.0,9.037654667,38.75035133
Ethiopia,2017,27.0,9.037654667,38.75035133
Ethiopia,2018,30.0,9.037654667,38.75035133
Ethiopia,2019,20.0,9.037654667,38.75035133
Fiji,2014,7.0,-18.12,178.45
Fiji,2015,8.0,-18.12,178.45
Finland,2010,8.416666666666666,62.5885,24.1919
Finland,2013,6.25,62.5885,24.1919
Finland,2014,7.2727272727272725,62.5885,24.1919
Finland,2015,5.454545454545454,62.5885,24.1919
Finland,2016,5.545454545454546,62.5885,24.1919
Finland,2017,4.181818181818182,62.5885,24.1919
Finland,2018,5.6,62.5885,24.1919
Finland,2019,4.875,62.5885,24.1919
Finland,2020,4.5,62.5885,24.1919
Finland,2021,4.714285714285714,62.5885,24.1919
France,2010,17.71212121212121,43.359722,-0.566944
France,2013,15.034883720930232,43.359722,-0.566944
France,2014,12.358695652173912,43.359722,-0.566944
France,2015,12.431192660550458,43.359722,-0.566944
France,2016,11.504587155963304,43.359722,-0.566944
France,2017,10.81081081081081,43.359722,-0.566944
France,2018,10.186440677966102,43.359722,-0.566944
France,2019,9.28688524590164,43.359722,-0.566944
France,2020,8.390977443609023,43.359722,-0.566944
France,2021,9.17361111111111,43.359722,-0.566944
Georgia,2014,29.0,41.71513748,44.82709503
Georgia,2015,24.0,41.71513748,44.82709503
Georgia,2017,20.0,41.71513748,44.82709503
Germany,2010,17.297619047619047,50.7528,9.2704
Germany,2013,13.947368421052632,50.7528,9.2704
Germany,2014,14.186046511627907,50.7528,9.2704
Germany,2015,12.7,50.7528,9.2704
Germany,2016,12.23076923076923,50.7528,9.2704
Germany,2017,12.006756756756756,50.7528,9.2704
Germany,2018,12.529411764705882,50.7528,9.2704
Germany,2019,10.352201257861635,50.7528,9.2704
Germany,2020,9.037037037037036,50.7528,9.2704
Germany,2021,9.335051546391753,50.7528,9.2704
Gibraltar,2013,14.0,36.12561117,-5.351857833
Gibraltar,2014,15.0,36.12561117,-5.351857833
Gibraltar,2015,14.0,36.12561117,-5.351857833
Gibraltar,2016,13.0,36.12561117,-5.351857833
Gibraltar,2017,13.0,36.12561117,-5.351857833
Gibraltar,2018,13.0,36.12561117,-5.351857833
Gibraltar,2019,12.0,36.12561117,-5.351857833
Greece,2010,15.0,38.6198,21.4095
Greece,2013,13.0,38.6198,21.4095
Greece,2014,16.0,38.6198,21.4095
Greece,2015,16.0,38.6198,21.4095
Greece,2016,17.666666666666668,38.6198,21.4095
Greece,2017,17.857142857142858,38.6198,21.4095
Greece,2018,15.833333333333334,38.6198,21.4095
Greece,2019,16.625,38.6198,21.4095
Greece,2020,14.6,38.6198,21.4095
Greece,2021,15.9,38.6198,21.4095
Greece,2022,19.666666666666668,38.6198,21.4095
Guatemala,2013,41.0,14.6072,-90.51425
Guatemala,2014,35.0,14.6072,-90.51425
Guatemala,2019,14.0,14.6072,-90.51425
Honduras,2013,36.0,14.08614492,-87.19300842
Hungary,2010,21.75,46.966667,19.55
Hungary,2013,16.75,46.966667,19.55
Hungary,2014,16.75,46.966667,19.55
Hungary,2016,10.0,46.966667,19.55
Hungary,2017,18.666666666666668,46.966667,19.55
Hungary,2018,18.285714285714285,46.966667,19.55
Hungary,2019,14.625,46.966667,19.55
Hungary,2020,13.909090909090908,46.966667,19.55
Iceland,2010,7.5,65.6888,-18.1008
Iceland,2013,6.5,65.6888,-18.1008
Iceland,2014,5.0,65.6888,-18.1008
Iceland,2015,5.5,65.6888,-18.1008
Iceland,2016,4.0,65.6888,-18.1008
Iceland,2017,3.8,65.6888,-18.1008
Iceland,2018,5.0,65.6888,-18.1008
Iceland,2019,4.0,65.6888,-18.1008
Iceland,2020,3.5,65.6888,-18.1008
India,2010,99.0,13.08784,80.27847
India,2011,110.5,13.08784,80.27847
India,2012,83.0,13.08784,80.27847
India,2013,131.25,13.08784,80.27847
India,2014,92.14285714285714,13.08784,80.27847
India,2015,76.0,13.08784,80.27847
India,2016,83.8529411764706,13.08784,80.27847
India,2017,103.8,13.08784,80.27847
India,2018,76.0,13.08784,80.27847
India,2019,64.66666666666667,13.08784,80.27847
India,2020,36.231404958677686,13.08784,80.27847
Indonesia,2011,12.5,-6.914700031,107.6098022
Indonesia,2014,33.0,-6.914700031,107.6098022
Indonesia,2016,42.666666666666664,-6.914700031,107.6098022
Indonesia,2017,9.0,-6.914700031,107.6098022
Indonesia,2018,18.5,-6.914700031,107.6098022
Indonesia,2019,26.666666666666668,-6.914700031,107.6098022
Indonesia,2020,16.0,-6.914700031,107.6098022
Indonesia,2021,18.833333333333332,-6.914700031,107.6098022
Iran (Islamic Republic of),2011,42.333333333333336,30.347296,48.2934
Iran (Islamic Republic of),2012,36.333333333333336,30.347296,48.2934
Iran (Islamic Republic of),2013,43.625,30.347296,48.2934
Iran (Islamic Republic of),2014,35.0,30.347296,48.2934
Iran (Islamic Republic of),2015,30.0,30.347296,48.2934
Iran (Islamic Republic of),2016,31.8,30.347296,48.2934
Iran (Islamic Republic of),2017,43.5,30.347296,48.2934
Iran (Islamic Republic of),2018,29.88235294117647,30.347296,48.2934
Iran (Islamic Republic of),2019,23.85,30.347296,48.2934
Iran (Islamic Republic of),2020,27.0,30.347296,48.2934
Iraq,2019,44.5,32.76222222,44.66222222
Iraq,2021,44.0,32.76222222,44.66222222
Ireland,2010,11.5,53.368175,-6.227857
Ireland,2013,10.666666666666666,53.368175,-6.227857
Ireland,2014,11.333333333333334,53.368175,-6.227857
Ireland,2015,7.25,53.368175,-6.227857
Ireland,2016,9.0,53.368175,-6.227857
Ireland,2017,7.5,53.368175,-6.227857
Ireland,2018,7.833333333333333,53.368175,-6.227857
Ireland,2019,9.222222222222221,53.368175,-6.227857
Ireland,2020,8.6,53.368175,-6.227857
Ireland,2021,8.56,53.368175,-6.227857
Israel,2012,21.41176470588235,31.93498028,34.90866766
Israel,2013,22.0,31.93498028,34.90866766
Israel,2014,19.833333333333332,31.93498028,34.90866766
Israel,2015,23.176470588235293,31.93498028,34.90866766
Israel,2016,18.24,31.93498028,34.90866766
Israel,2017,17.923076923076923,31.93498028,34.90866766
Israel,2018,18.727272727272727,31.93498028,34.90866766
Israel,2019,18.970588235294116,31.93498028,34.90866766
Israel,2020,16.08108108108108,31.93498028,34.90866766
Israel,2021,17.372093023255815,31.93498028,34.90866766
Italy,2010,20.129411764705882,45.30861,9.58611
Italy,2013,18.063157894736843,45.30861,9.58611
Italy,2014,15.74390243902439,45.30861,9.58611
Italy,2015,18.565934065934066,45.30861,9.58611
Italy,2016,16.272251308900522,45.30861,9.58611
Italy,2017,17.019704433497537,45.30861,9.58611
Italy,2018,15.145539906103286,45.30861,9.58611
Italy,2019,14.22072072072072,45.30861,9.58611
Italy,2020,14.571428571428571,45.30861,9.58611
Italy,2021,13.422131147540984,45.30861,9.58611
Jamaica,2019,17.0,17.9712148,-76.7928128
Jamaica,2020,14.0,17.9712148,-76.7928128
Jamaica,2021,11.5,17.9712148,-76.7928128
Japan,2010,10.666666666666666,35.6089318,140.1246365
Japan,2011,16.8,35.6089318,140.1246365
Japan,2012,14.666666666666666,35.6089318,140.1246365
Japan,2014,14.933333333333334,35.6089318,140.1246365
Japan,2018,11.466666666666667,35.6089318,140.1246365
Japan,2019,10.066666666666666,35.6089318,140.1246365
Jordan,2015,26.0,31.161256,35.759296
Jordan,2019,27.0,31.161256,35.759296
Jordan,2021,27.0,31.161256,35.759296
Kazakhstan,2018,32.0,51.127645,71.46861
Kazakhstan,2019,22.0,51.127645,71.46861
Kenya,2019,11.0,-1.234149,36.810791
Kenya,2021,13.0,-1.234149,36.810791
Kuwait,2014,55.5,29.091028,48.075078
Kuwait,2015,67.33333333333333,29.091028,48.075078
Kuwait,2016,36.666666666666664,29.091028,48.075078
Kuwait,2017,66.0,29.091028,48.075078
Kuwait,2018,57.0,29.091028,48.075078
Kuwait,2019,46.25,29.091028,48.075078
Kuwait,2020,37.4,29.091028,48.075078
Kuwait,2021,43.8,29.091028,48.075078
Kyrgyzstan,2019,33.0,42.8273,74.5833
Lao People's Democratic Republic,2019,26.0,17.89612,102.64
Latvia,2010,17.666666666666668,56.95844267,24.12245
Latvia,2013,13.0,56.95844267,24.12245
Latvia,2014,16.6,56.95844267,24.12245
Latvia,2015,15.0,56.95844267,24.12245
Latvia,2016,13.8,56.95844267,24.12245
Latvia,2017,12.8,56.95844267,24.12245
Latvia,2018,14.0,56.95844267,24.12245
Latvia,2019,11.4,56.95844267,24.12245
Latvia,2020,11.0,56.95844267,24.12245
Latvia,2021,13.8,56.95844267,24.12245
Lebanon,2012,30.0,33.89993321,35.46664524
Lebanon,2014,29.5,33.89993321,35.46664524
Lebanon,2015,15.0,33.89993321,35.46664524
Lebanon,2016,19.0,33.89993321,35.46664524
Lithuania,2010,15.666666666666666,54.0925,24.2897
Lithuania,2013,13.11111111111111,54.0925,24.2897
Lithuania,2014,13.5,54.0925,24.2897
Lithuania,2015,11.5,54.0925,24.2897
Lithuania,2016,10.333333333333334,54.0925,24.2897
Lithuania,2017,10.666666666666666,54.0925,24.2897
Lithuania,2018,12.666666666666666,54.0925,24.2897
Lithuania,2019,12.166666666666666,54.0925,24.2897
Lithuania,2020,8.666666666666666,54.0925,24.2897
Lithuania,2021,9.857142857142858,54.0925,24.2897
Lithuania,2022,5.0,54.0925,24.2897
Luxembourg,2010,14.0,49.5671,5.911
Luxembourg,2013,15.6,49.5671,5.911
Luxembourg,2014,12.666666666666666,49.5671,5.911
Luxembourg,2015,11.0,49.5671,5.911
Luxembourg,2016,11.0,49.5671,5.911
Luxembourg,2017,10.333333333333334,49.5671,5.911
Luxembourg,2018,9.666666666666666,49.5671,5.911
Luxembourg,2019,8.666666666666666,49.5671,5.911
Luxembourg,2020,8.666666666666666,49.5671,5.911
Madagascar,2015,8.0,-18.913592,47.524882
Madagascar,2017,128.0,-18.913592,47.524882
Madagascar,2019,19.0,-18.913592,47.524882
Madagascar,2020,32.0,-18.913592,47.524882
Malaysia,2010,21.0,5.976474,116.115777
Malaysia,2012,15.0,5.976474,116.115777
Malaysia,2019,21.0,5.976474,116.115777
Malta,2010,15.0,35.89,14.4345
Malta,2013,13.0,35.89,14.4345
Malta,2014,12.0,35.89,14.4345
Malta,2015,13.25,35.89,14.4345
Malta,2016,11.75,35.89,14.4345
Malta,2017,11.5,35.89,14.4345
Malta,2018,12.0,35.89,14.4345
Malta,2019,11.75,35.89,14.4345
Malta,2020,9.5,35.89,14.4345
Mexico,2010,22.625,20.42527778,-101.1980556
Mexico,2011,26.25,20.42527778,-101.1980556
Mexico,2012,24.0,20.42527778,-101.1980556
Mexico,2013,25.416666666666668,20.42527778,-101.1980556
Mexico,2014,22.916666666666668,20.42527778,-101.1980556
Mexico,2015,23.25,20.42527778,-101.1980556
Mexico,2016,22.4,20.42527778,-101.1980556
Mexico,2017,22.066666666666666,20.42527778,-101.1980556
Mexico,2018,19.657894736842106,20.42527778,-101.1980556
Monaco,2021,6.0,43.73267245,7.42118079
Mongolia,2010,40.0,48.0041667,91.6405556
Mongolia,2011,132.0,48.0041667,91.6405556
Mongolia,2012,106.0,48.0041667,91.6405556
Mongolia,2013,78.0,48.0041667,91.6405556
Mongolia,2014,64.0,48.0041667,91.6405556
Mongolia,2015,66.0,48.0041667,91.6405556
Mongolia,2016,79.0,48.0041667,91.6405556
Mongolia,2017,86.0,48.0041667,91.6405556
Mongolia,2018,74.0,48.0041667,91.6405556
Mongolia,2019,60.0,48.0041667,91.6405556
Montenegro,2020,26.75,42.1003,19.1035
Myanmar,2018,20.0,16.81909669,96.17256033
Myanmar,2019,22.0,16.81909669,96.17256033
Myanmar,2020,20.0,16.81909669,96.17256033
Myanmar,2021,28.0,16.81909669,96.17256033
Nepal,2013,49.0,27.738703,85.336205
Nepal,2016,42.0,27.738703,85.336205
Nepal,2017,39.25,27.738703,85.336205
Nepal,2018,49.0,27.738703,85.336205
Nepal,2019,26.0,27.738703,85.336205
Nepal,2020,36.5,27.738703,85.336205
Netherlands,2010,16.94736842105263,52.32138824,4.98889446
Netherlands,2013,14.208333333333334,52.32138824,4.98889446
Netherlands,2014,13.166666666666666,52.32138824,4.98889446
Netherlands,2015,12.142857142857142,52.32138824,4.98889446
Netherlands,2016,10.56,52.32138824,4.98889446
Netherlands,2017,10.88,52.32138824,4.98889446
Netherlands,2018,12.08,52.32138824,4.98889446
Netherlands,2019,10.68,52.32138824,4.98889446
Netherlands,2020,8.96,52.32138824,4.98889446
New Zealand,2012,10.75,174.0801792,-39.05902648
New Zealand,2014,9.0,174.0801792,-39.05902648
New Zealand,2015,7.2,174.0801792,-39.05902648
New Zealand,2016,8.5,174.0801792,-39.05902648
New Zealand,2017,9.4,174.0801792,-39.05902648
New Zealand,2018,8.0,174.0801792,-39.05902648
New Zealand,2019,8.6,174.0801792,-39.05902648
New Zealand,2020,8.1,174.0801792,-39.05902648
New Zealand,2021,6.0,174.0801792,-39.05902648
Nigeria,2010,26.5,10.45789671,7.423270941
Nigeria,2013,90.0,10.45789671,7.423270941
North Macedonia,2013,34.5,41.4406,22.0072
North Macedonia,2015,45.5,41.4406,22.0072
North Macedonia,2016,40.5,41.4406,22.0072
North Macedonia,2017,43.5,41.4406,22.0072
North Macedonia,2021,25.866666666666667,41.4406,22.0072
Norway,2010,10.571428571428571,62.4706,6.1535
Norway,2013,9.181818181818182,62.4706,6.1535
Norway,2014,7.2727272727272725,62.4706,6.1535
Norway,2015,6.666666666666667,62.4706,6.1535
Norway,2016,7.0,62.4706,6.1535
Norway,2017,6.35,62.4706,6.1535
Norway,2018,7.185185185185185,62.4706,6.1535
Norway,2019,6.5,62.4706,6.1535
Norway,2020,5.208333333333333,62.4706,6.1535
Norway,2021,6.454545454545454,62.4706,6.1535
Norway,2022,2.5,62.4706,6.1535
Pakistan,2010,95.33333333333333,33.68330765,73.06439972
Pakistan,2011,66.0,33.68330765,73.06439972
Pakistan,2013,36.0,33.68330765,73.06439972
Pakistan,2018,38.0,33.68330765,73.06439972
Pakistan,2019,71.75,33.68330765,73.06439972
Pakistan,2020,32.0,33.68330765,73.06439972
Panama,2013,14.0,8.966840426,-79.54186757
Paraguay,2010,18.0,-25.30067571,-57.62930552
Peru,2008,52.0,-12.0636,-77.125855
Peru,2009,42.5,-12.0636,-77.125855
Peru,2010,30.75,-12.0636,-77.125855
Peru,2011,31.0,-12.0636,-77.125855
Peru,2012,41.5,-12.0636,-77.125855
Peru,2013,38.0,-12.0636,-77.125855
Peru,2014,31.2,-12.0636,-77.125855
Peru,2015,27.8,-12.0636,-77.125855
Peru,2016,27.666666666666668,-12.0636,-77.125855
Peru,2017,24.0,-12.0636,-77.125855
Peru,2018,26.0,-12.0636,-77.125855
Peru,2019,24.333333333333332,-12.0636,-77.125855
Philippines,2014,17.0,14.756578,121.044977
Philippines,2015,27.333333333333332,14.756578,121.044977
Philippines,2016,26.833333333333332,14.756578,121.044977
Poland,2010,29.414634146341463,51.8352,20.7919
Poland,2013,24.593023255813954,51.8352,20.7919
Poland,2014,24.746268656716417,51.8352,20.7919
Poland,2015,23.257142857142856,51.8352,20.7919
Poland,2016,22.32857142857143,51.8352,20.7919
Poland,2017,22.933333333333334,51.8352,20.7919
Poland,2018,23.272727272727273,51.8352,20.7919
Poland,2019,18.7816091954023,51.8352,20.7919
Poland,2020,16.84536082474227,51.8352,20.7919
Portugal,2010,8.066666666666666,38.785,-9.347222
Portugal,2013,7.473684210526316,38.785,-9.347222
Portugal,2014,6.777777777777778,38.785,-9.347222
Portugal,2015,8.578947368421053,38.785,-9.347222
Portugal,2016,6.777777777777778,38.785,-9.347222
Portugal,2017,8.23076923076923,38.785,-9.347222
Portugal,2018,7.125,38.785,-9.347222
Portugal,2019,6.0,38.785,-9.347222
Portugal,2020,5.833333333333333,38.785,-9.347222
Puerto Rico,2018,13.0,-66.1057,-66.1057
Qatar,2012,89.0,25.3217778,51.4727583
Qatar,2017,44.0,25.3217778,51.4727583
Qatar,2018,44.0,25.3217778,51.4727583
Qatar,2019,41.0,25.3217778,51.4727583
Qatar,2020,33.0,25.3217778,51.4727583
Qatar,2021,38.0,25.3217778,51.4727583
Republic of Korea,2015,27.238095238095237,37.65198889,126.7778889
Republic of Korea,2016,26.708333333333332,37.65198889,126.7778889
Republic of Korea,2017,25.36842105263158,37.65198889,126.7778889
Republic of Korea,2018,23.333333333333332,37.65198889,126.7778889
Republic of Korea,2019,23.73913043478261,37.65198889,126.7778889
Romania,2010,15.777777777777779,43.9804,25.3125
Romania,2013,16.42105263157895,43.9804,25.3125
Romania,2014,15.083333333333334,43.9804,25.3125
Romania,2015,16.727272727272727,43.9804,25.3125
Romania,2016,16.0,43.9804,25.3125
Romania,2017,19.235294117647058,43.9804,25.3125
Romania,2018,16.863636363636363,43.9804,25.3125
Romania,2019,16.714285714285715,43.9804,25.3125
Romania,2020,14.142857142857142,43.9804,25.3125
Romania,2021,14.52,43.9804,25.3125
Russian Federation,2016,14.0,55.737624,37.631597
Saudi Arabia,2021,45.6,24.722399,46.661616
Saudi Arabia,2022,38.82,24.722399,46.661616
Senegal,2013,33.0,14.726953,-17.45776
Senegal,2014,26.0,14.726953,-17.45776
Senegal,2015,33.0,14.726953,-17.45776
Senegal,2016,27.0,14.726953,-17.45776
Senegal,2017,20.0,14.726953,-17.45776
Senegal,2018,42.0,14.726953,-17.45776
Serbia,2016,23.0,44.7987,20.4502
Serbia,2021,23.5,44.7987,20.4502
Singapore,2010,17.0,1.28967,103.85007
Singapore,2011,17.0,1.28967,103.85007
Singapore,2012,19.0,1.28967,103.85007
Singapore,2013,20.0,1.28967,103.85007
Singapore,2014,18.0,1.28967,103.85007
Singapore,2015,24.0,1.28967,103.85007
Singapore,2016,15.0,1.28967,103.85007
Singapore,2017,14.0,1.28967,103.85007
Singapore,2018,15.0,1.28967,103.85007
Singapore,2019,16.0,1.28967,103.85007
Singapore,2020,11.0,1.28967,103.85007
Singapore,2021,12.0,1.28967,103.85007
Slovakia,2010,21.6,48.7829,20.9872
Slovakia,2013,18.75,48.7829,20.9872
Slovakia,2014,19.083333333333332,48.7829,20.9872
Slovakia,2015,17.88235294117647,48.7829,20.9872
Slovakia,2016,16.208333333333332,48.7829,20.9872
Slovakia,2017,18.962962962962962,48.7829,20.9872
Slovakia,2018,18.11111111111111,48.7829,20.9872
Slovakia,2019,15.592592592592593,48.7829,20.9872
Slovakia,2020,14.74074074074074,48.7829,20.9872
Slovakia,2021,16.424242424242426,48.7829,20.9872
Slovenia,2010,19.0,46.128609,15.113903
Slovenia,2013,15.75,46.128609,15.113903
Slovenia,2014,15.0,46.128609,15.113903
Slovenia,2015,17.666666666666668,46.128609,15.113903
Slovenia,2016,17.333333333333332,46.128609,15.113903
Slovenia,2017,16.333333333333332,46.128609,15.113903
Slovenia,2018,15.25,46.128609,15.113903
Slovenia,2019,12.5,46.128609,15.113903
Slovenia,2020,13.0,46.128609,15.113903
South Africa,2010,34.5,-26.1794444,28.1361111
South Africa,2011,45.333333333333336,-26.1794444,28.1361111
South Africa,2012,35.23076923076923,-26.1794444,28.1361111
South Africa,2013,25.285714285714285,-26.1794444,28.1361111
South Africa,2014,25.533333333333335,-26.1794444,28.1361111
South Africa,2015,19.375,-26.1794444,28.1361111
South Africa,2016,23.0,-26.1794444,28.1361111
South Africa,2017,15.8,-26.1794444,28.1361111
South Africa,2018,22.5,-26.1794444,28.1361111
South Africa,2019,21.0,-26.1794444,28.1361111
South Africa,2020,22.714285714285715,-26.1794444,28.1361111
South Africa,2021,22.333333333333332,-26.1794444,28.1361111
Spain,2010,9.850746268656716,43.0414,-5.0897
Spain,2011,12.666666666666666,43.0414,-5.0897
Spain,2012,12.714285714285714,43.0414,-5.0897
Spain,2013,8.465648854961833,43.0414,-5.0897
Spain,2014,9.060975609756097,43.0414,-5.0897
Spain,2015,9.787878787878787,43.0414,-5.0897
Spain,2016,8.63302752293578,43.0414,-5.0897
Spain,2017,9.490384615384615,43.0414,-5.0897
Spain,2018,9.0,43.0414,-5.0897
Spain,2019,8.779816513761467,43.0414,-5.0897
Spain,2020,8.623931623931623,43.0414,-5.0897
Spain,2021,8.745098039215685,43.0414,-5.0897
Sri Lanka,2017,31.0,6.911625,79.849345
Sri Lanka,2018,32.0,6.911625,79.849345
Sri Lanka,2019,24.0,6.911625,79.849345
Sweden,2010,7.2,55.6603,13.1009
Sweden,2013,5.538461538461538,55.6603,13.1009
Sweden,2014,7.333333333333333,55.6603,13.1009
Sweden,2015,6.0,55.6603,13.1009
Sweden,2016,5.625,55.6603,13.1009
Sweden,2017,4.695652173913044,55.6603,13.1009
Sweden,2018,6.2631578947368425,55.6603,13.1009
Sweden,2019,5.277777777777778,55.6603,13.1009
Sweden,2020,5.473684210526316,55.6603,13.1009
Sweden,2021,5.2,55.6603,13.1009
Switzerland,2011,14.666666666666666,46.3196078,6.93634082
Switzerland,2012,12.555555555555555,46.3196078,6.93634082
Switzerland,2013,13.555555555555555,46.3196078,6.93634082
Switzerland,2014,8.88888888888889,46.3196078,6.93634082
Switzerland,2015,11.363636363636363,46.3196078,6.93634082
Switzerland,2016,9.916666666666666,46.3196078,6.93634082
Switzerland,2017,11.478260869565217,46.3196078,6.93634082
Switzerland,2018,11.121212121212121,46.3196078,6.93634082
Switzerland,2019,9.351851851851851,46.3196078,6.93634082
Switzerland,2020,9.053571428571429,46.3196078,6.93634082
Switzerland,2021,9.10909090909091,46.3196078,6.93634082
Thailand,2015,28.0,14.022376,99.536195
Thailand,2019,24.6875,14.022376,99.536195
Thailand,2021,20.638297872340427,14.022376,99.536195
Trinidad and Tobago,2016,12.0,10.4160327,-61.4746778
Trinidad and Tobago,2017,15.0,10.4160327,-61.4746778
Trinidad and Tobago,2018,12.0,10.4160327,-61.4746778
Trinidad and Tobago,2019,11.666666666666666,10.4160327,-61.4746778
Türkiye,2015,25.227272727272727,40.755,30.6502
Türkiye,2016,20.59375,40.755,30.6502
Türkiye,2017,26.266666666666666,40.755,30.6502
Türkiye,2018,22.162790697674417,40.755,30.6502
Türkiye,2019,21.84722222222222,40.755,30.6502
Türkiye,2020,20.579545454545453,40.755,30.6502
Uganda,2013,104.0,0.300225,32.591553
Uganda,2017,54.0,0.300225,32.591553
Uganda,2018,59.0,0.300225,32.591553
Uganda,2019,60.0,0.300225,32.591553
Ukraine,2018,23.0,50.459256,30.633715
Ukraine,2019,23.0,50.459256,30.633715
United Arab Emirates,2017,33.0,25.4052,55.5136
United Arab Emirates,2018,51.5,25.4052,55.5136
United Arab Emirates,2019,45.5,25.4052,55.5136
United Arab Emirates,2021,32.833333333333336,25.4052,55.5136
United Kingdom of Great Britain and Northern Ireland,2010,12.456521739130435,50.7937,0.1813
United Kingdom of Great Britain and Northern Ireland,2013,12.072289156626505,50.7937,0.1813
United Kingdom of Great Britain and Northern Ireland,2014,11.358490566037736,50.7937,0.1813
United Kingdom of Great Britain and Northern Ireland,2015,9.75,50.7937,0.1813
United Kingdom of Great Britain and Northern Ireland,2016,9.849056603773585,50.7937,0.1813
United Kingdom of Great Britain and Northern Ireland,2017,9.425925925925926,50.7937,0.1813
United Kingdom of Great Britain and Northern Ireland,2018,9.719298245614034,50.7937,0.1813
United Kingdom of Great Britain and Northern Ireland,2019,9.535714285714286,50.7937,0.1813
United Kingdom of Great Britain and Northern Ireland,2020,7.907407407407407,50.7937,0.1813
United Republic of Tanzania,2011,23.0,-6.822096825,37.66115952
United States of America,2010,9.673992673992673,41.9955677,-83.94655938
United States of America,2011,9.563432835820896,41.9955677,-83.94655938
United States of America,2012,8.940140845070422,41.9955677,-83.94655938
United States of America,2013,8.704626334519572,41.9955677,-83.94655938
United States of America,2014,8.501766784452297,41.9955677,-83.94655938
United States of America,2015,8.202090592334494,41.9955677,-83.94655938
United States of America,2016,7.424561403508772,41.9955677,-83.94655938
United States of America,2017,7.822299651567945,41.9955677,-83.94655938
United States of America,2018,7.916376306620209,41.9955677,-83.94655938
United States of America,2019,7.370629370629371,41.9955677,-83.94655938
United States of America,2020,7.891696750902527,41.9955677,-83.94655938
United States of America,2021,8.360594795539033,41.9955677,-83.94655938
Uruguay,2014,8.0,-34.87515438,-56.17780275
Uruguay,2018,12.0,-34.87515438,-56.17780275
Uzbekistan,2018,43.0,41.3686,69.27125
Uzbekistan,2019,42.0,41.3686,69.27125
Venezuela (Bolivarian Republic of),2011,35.0,10.144444,-64.648889
Viet Nam,2016,44.666666666666664,10.03333,105.78333
Viet Nam,2017,40.5,10.03333,105.78333
Viet Nam,2018,33.5,10.03333,105.78333
Viet Nam,2019,39.5,10.03333,105.78333
Viet Nam,2020,23.6,10.03333,105.78333
