_id,  Yr, Mn,    Date Excel,      Date,     CO2 [ppm],seasonally adjusted [ppm]. ,fit [ppm],  seasonally adjusted fit [ppm], CO2 filled [ppm], seasonally adjusted filled  [ppm], Sta
656ff6983f96ad5aaf969143,1958,1,21200,1958.0411,-99.99,-99.99,-99.99,-99.99,-99.99,-99.99, MLO
656ff6983f96ad5aaf969144,1958,2,21231,1958.126,-99.99,-99.99,-99.99,-99.99,-99.99,-99.99, MLO
656ff6983f96ad5aaf969145,1958,3,21259,1958.2027,315.71,314.44,316.19,314.91,315.71,314.44, MLO
656ff6983f96ad5aaf969146,1958,4,21290,1958.2877,317.45,315.16,317.3,314.99,317.45,315.16, MLO
656ff6983f96ad5aaf969147,1958,5,21320,1958.3699,317.51,314.69,317.89,315.06,317.51,314.69, MLO
656ff6983f96ad5aaf969148,1958,6,21351,1958.4548,-99.99,-99.99,317.27,315.14,317.27,315.14, MLO
656ff6983f96ad5aaf969149,1958,7,21381,1958.537,315.87,315.2,315.85,315.22,315.87,315.2, MLO
656ff6983f96ad5aaf96914a,1958,8,21412,1958.6219,314.93,316.22,313.97,315.29,314.93,316.22, MLO
656ff6983f96ad5aaf96914b,1958,9,21443,1958.7068,313.21,316.11,312.43,315.35,313.21,316.11, MLO
656ff6983f96ad5aaf96914c,1958,10,21473,1958.789,-99.99,-99.99,312.42,315.41,312.42,315.41, MLO
656ff6983f96ad5aaf96914d,1958,11,21504,1958.874,313.33,315.21,313.6,315.46,313.33,315.21, MLO
656ff6983f96ad5aaf96914e,1958,12,21534,1958.9562,314.67,315.44,314.76,315.51,314.67,315.44, MLO
656ff6983f96ad5aaf96914f,1959,1,21565,1959.0411,315.58,315.52,315.64,315.57,315.58,315.52, MLO
656ff6983f96ad5aaf969150,1959,2,21596,1959.126,316.49,315.84,316.29,315.63,316.49,315.84, MLO
656ff6983f96ad5aaf969151,1959,3,21624,1959.2027,316.65,315.37,316.98,315.69,316.65,315.37, MLO
656ff6983f96ad5aaf969152,1959,4,21655,1959.2877,317.72,315.41,318.09,315.77,317.72,315.41, MLO
656ff6983f96ad5aaf969153,1959,5,21685,1959.3699,318.29,315.46,318.68,315.85,318.29,315.46, MLO
656ff6983f96ad5aaf969154,1959,6,21716,1959.4548,318.15,316,318.07,315.94,318.15,316, MLO
656ff6983f96ad5aaf969155,1959,7,21746,1959.537,316.54,315.87,316.67,316.03,316.54,315.87, MLO
656ff6983f96ad5aaf969156,1959,8,21777,1959.6219,314.8,316.09,314.8,316.12,314.8,316.09, MLO
656ff6983f96ad5aaf969157,1959,9,21808,1959.7068,313.84,316.75,313.29,316.22,313.84,316.75, MLO
656ff6983f96ad5aaf969158,1959,10,21838,1959.789,313.33,316.34,313.31,316.31,313.33,316.34, MLO
656ff6983f96ad5aaf969159,1959,11,21869,1959.874,314.81,316.7,314.53,316.39,314.81,316.7, MLO
656ff6983f96ad5aaf96915a,1959,12,21899,1959.9562,315.58,316.35,315.72,316.47,315.58,316.35, MLO
656ff6983f96ad5aaf96915b,1960,1,21930,1960.041,316.43,316.37,316.62,316.56,316.43,316.37, MLO
656ff6983f96ad5aaf96915c,1960,2,21961,1960.1257,316.98,316.33,317.29,316.64,316.98,316.33, MLO
656ff6983f96ad5aaf96915d,1960,3,21990,1960.2049,317.58,316.27,318.03,316.71,317.58,316.27, MLO
656ff6983f96ad5aaf96915e,1960,4,22021,1960.2896,319.03,316.7,319.14,316.79,319.03,316.7, MLO
656ff6983f96ad5aaf96915f,1960,5,22051,1960.3716,320.03,317.19,319.7,316.86,320.03,317.19, MLO
656ff6983f96ad5aaf969160,1960,6,22082,1960.4563,319.58,317.45,319.04,316.92,319.58,317.45, MLO
656ff6983f96ad5aaf969161,1960,7,22112,1960.5383,318.18,317.53,317.59,316.97,318.18,317.53, MLO
656ff6983f96ad5aaf969162,1960,8,22143,1960.623,315.9,317.23,315.66,317.01,315.9,317.23, MLO
656ff6983f96ad5aaf969163,1960,9,22174,1960.7077,314.17,317.1,314.1,317.05,314.17,317.1, MLO
656ff6983f96ad5aaf969164,1960,10,22204,1960.7896,313.83,316.85,314.07,317.08,313.83,316.85, MLO
656ff6983f96ad5aaf969165,1960,11,22235,1960.8743,315,316.89,315.24,317.11,315,316.89, MLO
656ff6983f96ad5aaf969166,1960,12,22265,1960.9563,316.19,316.96,316.4,317.15,316.19,316.96, MLO
656ff6983f96ad5aaf969167,1961,1,22296,1961.0411,316.89,316.84,317.27,317.2,316.89,316.84, MLO
656ff6983f96ad5aaf969168,1961,2,22327,1961.126,317.7,317.05,317.93,317.27,317.7,317.05, MLO
656ff6983f96ad5aaf969169,1961,3,22355,1961.2027,318.54,317.25,318.63,317.33,318.54,317.25, MLO
656ff6983f96ad5aaf96916a,1961,4,22386,1961.2877,319.48,317.16,319.75,317.41,319.48,317.16, MLO
656ff6983f96ad5aaf96916b,1961,5,22416,1961.3699,320.58,317.73,320.35,317.5,320.58,317.73, MLO
656ff6983f96ad5aaf96916c,1961,6,22447,1961.4548,319.77,317.61,319.73,317.59,319.77,317.61, MLO
656ff6983f96ad5aaf96916d,1961,7,22477,1961.537,318.56,317.89,318.32,317.68,318.56,317.89, MLO
656ff6983f96ad5aaf96916e,1961,8,22508,1961.6219,316.79,318.09,316.43,317.76,316.79,318.09, MLO
656ff6983f96ad5aaf96916f,1961,9,22539,1961.7068,314.99,317.92,314.9,317.85,314.99,317.92, MLO
656ff6983f96ad5aaf969170,1961,10,22569,1961.789,315.31,318.33,314.9,317.92,315.31,318.33, MLO
656ff6983f96ad5aaf969171,1961,11,22600,1961.874,316.1,318,316.11,317.99,316.1,318, MLO
656ff6983f96ad5aaf969172,1961,12,22630,1961.9562,317.01,317.78,317.3,318.06,317.01,317.78, MLO
656ff6983f96ad5aaf969173,1962,1,22661,1962.0411,317.94,317.88,318.19,318.12,317.94,317.88, MLO
656ff6983f96ad5aaf969174,1962,2,22692,1962.126,318.55,317.89,318.85,318.19,318.55,317.89, MLO
656ff6983f96ad5aaf969175,1962,3,22720,1962.2027,319.68,318.39,319.56,318.25,319.68,318.39, MLO
656ff6983f96ad5aaf969176,1962,4,22751,1962.2877,320.57,318.24,320.66,318.32,320.57,318.24, MLO
656ff6983f96ad5aaf969177,1962,5,22781,1962.3699,321.02,318.16,321.24,318.38,321.02,318.16, MLO
656ff6983f96ad5aaf969178,1962,6,22812,1962.4548,320.62,318.45,320.6,318.45,320.62,318.45, MLO
656ff6983f96ad5aaf969179,1962,7,22842,1962.537,319.61,318.94,319.15,318.5,319.61,318.94, MLO
656ff6983f96ad5aaf96917a,1962,8,22873,1962.6219,317.4,318.71,317.22,318.56,317.4,318.71, MLO
656ff6983f96ad5aaf96917b,1962,9,22904,1962.7068,316.24,319.18,315.65,318.6,316.24,319.18, MLO
656ff6983f96ad5aaf96917c,1962,10,22934,1962.789,315.42,318.46,315.61,318.64,315.42,318.46, MLO
656ff6983f96ad5aaf96917d,1962,11,22965,1962.874,316.69,318.6,316.8,318.68,316.69,318.6, MLO
656ff6983f96ad5aaf96917e,1962,12,22995,1962.9562,317.7,318.48,317.96,318.72,317.7,318.48, MLO
656ff6983f96ad5aaf96917f,1963,1,23026,1963.0411,318.74,318.68,318.83,318.76,318.74,318.68, MLO
656ff6983f96ad5aaf969180,1963,2,23057,1963.126,319.07,318.41,319.47,318.81,319.07,318.41, MLO
656ff6983f96ad5aaf969181,1963,3,23085,1963.2027,319.86,318.57,320.16,318.86,319.86,318.57, MLO
656ff6983f96ad5aaf969182,1963,4,23116,1963.2877,321.38,319.05,321.26,318.91,321.38,319.05, MLO
656ff6983f96ad5aaf969183,1963,5,23146,1963.3699,322.25,319.38,321.83,318.96,322.25,319.38, MLO
656ff6983f96ad5aaf969184,1963,6,23177,1963.4548,321.49,319.31,321.17,319.01,321.49,319.31, MLO
656ff6983f96ad5aaf969185,1963,7,23207,1963.537,319.74,319.07,319.71,319.06,319.74,319.07, MLO
656ff6983f96ad5aaf969186,1963,8,23238,1963.6219,317.77,319.08,317.76,319.1,317.77,319.08, MLO
656ff6983f96ad5aaf969187,1963,9,23269,1963.7068,316.21,319.16,316.18,319.15,316.21,319.16, MLO
656ff6983f96ad5aaf969188,1963,10,23299,1963.789,315.99,319.03,316.15,319.19,315.99,319.03, MLO
656ff6983f96ad5aaf969189,1963,11,23330,1963.874,317.07,318.98,317.34,319.23,317.07,318.98, MLO
656ff6983f96ad5aaf96918a,1963,12,23360,1963.9562,318.35,319.13,318.51,319.28,318.35,319.13, MLO
656ff6983f96ad5aaf96918b,1964,1,23391,1964.041,319.57,319.51,319.39,319.32,319.57,319.51, MLO
656ff6983f96ad5aaf96918c,1964,2,23422,1964.1257,-99.99,-99.99,320.03,319.37,320.03,319.37, MLO
656ff6983f96ad5aaf96918d,1964,3,23451,1964.2049,-99.99,-99.99,320.74,319.41,320.74,319.41, MLO
656ff6983f96ad5aaf96918e,1964,4,23482,1964.2896,-99.99,-99.99,321.83,319.45,321.83,319.45, MLO
656ff6983f96ad5aaf96918f,1964,5,23512,1964.3716,322.25,319.37,322.37,319.49,322.25,319.37, MLO
656ff6983f96ad5aaf969190,1964,6,23543,1964.4563,321.89,319.73,321.67,319.53,321.89,319.73, MLO
656ff6983f96ad5aaf969191,1964,7,23573,1964.5383,320.44,319.79,320.18,319.56,320.44,319.79, MLO
656ff6983f96ad5aaf969192,1964,8,23604,1964.623,318.69,320.03,318.21,319.58,318.69,320.03, MLO
656ff6983f96ad5aaf969193,1964,9,23635,1964.7077,316.71,319.67,316.62,319.61,316.71,319.67, MLO
656ff6983f96ad5aaf969194,1964,10,23665,1964.7896,316.87,319.92,316.58,319.62,316.87,319.92, MLO
656ff6983f96ad5aaf969195,1964,11,23696,1964.8743,317.68,319.59,317.75,319.64,317.68,319.59, MLO
656ff6983f96ad5aaf969196,1964,12,23726,1964.9563,318.71,319.49,318.89,319.66,318.71,319.49, MLO
656ff6983f96ad5aaf969197,1965,1,23757,1965.0411,319.44,319.38,319.76,319.69,319.44,319.38, MLO
656ff6983f96ad5aaf969198,1965,2,23788,1965.126,320.44,319.79,320.39,319.72,320.44,319.79, MLO
656ff6983f96ad5aaf969199,1965,3,23816,1965.2027,320.89,319.59,321.08,319.77,320.89,319.59, MLO
656ff6983f96ad5aaf96919a,1965,4,23847,1965.2877,322.14,319.79,322.2,319.83,322.14,319.79, MLO
656ff6983f96ad5aaf96919b,1965,5,23877,1965.3699,322.17,319.28,322.8,319.91,322.17,319.28, MLO
656ff6983f96ad5aaf96919c,1965,6,23908,1965.4548,321.87,319.68,322.17,320,321.87,319.68, MLO
656ff6983f96ad5aaf96919d,1965,7,23938,1965.537,321.21,320.53,320.75,320.1,321.21,320.53, MLO
656ff6983f96ad5aaf96919e,1965,8,23969,1965.6219,318.87,320.18,318.86,320.21,318.87,320.18, MLO
656ff6983f96ad5aaf96919f,1965,9,24000,1965.7068,317.82,320.78,317.34,320.32,317.82,320.78, MLO
656ff6983f96ad5aaf9691a0,1965,10,24030,1965.789,317.3,320.37,317.38,320.43,317.3,320.37, MLO
656ff6983f96ad5aaf9691a1,1965,11,24061,1965.874,318.87,320.79,318.65,320.55,318.87,320.79, MLO
656ff6983f96ad5aaf9691a2,1965,12,24091,1965.9562,319.42,320.2,319.9,320.66,319.42,320.2, MLO
656ff6983f96ad5aaf9691a3,1966,1,24122,1966.0411,320.62,320.57,320.85,320.78,320.62,320.57, MLO
656ff6983f96ad5aaf9691a4,1966,2,24153,1966.126,321.6,320.94,321.57,320.9,321.6,320.94, MLO
656ff6983f96ad5aaf9691a5,1966,3,24181,1966.2027,322.39,321.08,322.33,321.01,322.39,321.08, MLO
656ff6983f96ad5aaf9691a6,1966,4,24212,1966.2877,323.7,321.34,323.49,321.12,323.7,321.34, MLO
656ff6983f96ad5aaf9691a7,1966,5,24242,1966.3699,324.08,321.18,324.12,321.22,324.08,321.18, MLO
656ff6983f96ad5aaf9691a8,1966,6,24273,1966.4548,323.75,321.55,323.5,321.32,323.75,321.55, MLO
656ff6983f96ad5aaf9691a9,1966,7,24303,1966.537,322.37,321.69,322.06,321.4,322.37,321.69, MLO
656ff6983f96ad5aaf9691aa,1966,8,24334,1966.6219,320.36,321.68,320.13,321.48,320.36,321.68, MLO
656ff6983f96ad5aaf9691ab,1966,9,24365,1966.7068,318.64,321.61,318.56,321.55,318.64,321.61, MLO
656ff6983f96ad5aaf9691ac,1966,10,24395,1966.789,318.1,321.18,318.55,321.62,318.1,321.18, MLO
656ff6983f96ad5aaf9691ad,1966,11,24426,1966.874,319.78,321.71,319.77,321.68,319.78,321.71, MLO
656ff6983f96ad5aaf9691ae,1966,12,24456,1966.9562,321.02,321.81,320.97,321.74,321.02,321.81, MLO
656ff6983f96ad5aaf9691af,1967,1,24487,1967.0411,322.33,322.27,321.87,321.8,322.33,322.27, MLO
656ff6983f96ad5aaf9691b0,1967,2,24518,1967.126,322.5,321.83,322.53,321.86,322.5,321.83, MLO
656ff6983f96ad5aaf9691b1,1967,3,24546,1967.2027,323.03,321.73,323.23,321.9,323.03,321.73, MLO
656ff6983f96ad5aaf9691b2,1967,4,24577,1967.2877,324.41,322.05,324.34,321.96,324.41,322.05, MLO
656ff6983f96ad5aaf9691b3,1967,5,24607,1967.3699,325,322.09,324.92,322.02,325,322.09, MLO
656ff6983f96ad5aaf9691b4,1967,6,24638,1967.4548,324.09,321.89,324.26,322.07,324.09,321.89, MLO
656ff6983f96ad5aaf9691b5,1967,7,24668,1967.537,322.54,321.86,322.79,322.14,322.54,321.86, MLO
656ff6983f96ad5aaf9691b6,1967,8,24699,1967.6219,320.92,322.24,320.85,322.2,320.92,322.24, MLO
656ff6983f96ad5aaf9691b7,1967,9,24730,1967.7068,319.25,322.24,319.27,322.28,319.25,322.24, MLO
656ff6983f96ad5aaf9691b8,1967,10,24760,1967.789,319.39,322.48,319.27,322.35,319.39,322.48, MLO
656ff6983f96ad5aaf9691b9,1967,11,24791,1967.874,320.73,322.66,320.51,322.42,320.73,322.66, MLO
656ff6983f96ad5aaf9691ba,1967,12,24821,1967.9562,321.95,322.75,321.72,322.49,321.95,322.75, MLO
656ff6983f96ad5aaf9691bb,1968,1,24852,1968.041,322.57,322.51,322.64,322.57,322.57,322.51, MLO
656ff6983f96ad5aaf9691bc,1968,2,24883,1968.1257,323.15,322.48,323.32,322.65,323.15,322.48, MLO
656ff6983f96ad5aaf9691bd,1968,3,24912,1968.2049,323.89,322.55,324.08,322.73,323.89,322.55, MLO
656ff6983f96ad5aaf9691be,1968,4,24943,1968.2896,325.02,322.62,325.24,322.83,325.02,322.62, MLO
656ff6983f96ad5aaf9691bf,1968,5,24973,1968.3716,325.57,322.66,325.84,322.92,325.57,322.66, MLO
656ff6983f96ad5aaf9691c0,1968,6,25004,1968.4563,325.36,323.17,325.2,323.03,325.36,323.17, MLO
656ff6983f96ad5aaf9691c1,1968,7,25034,1968.5383,324.14,323.48,323.77,323.14,324.14,323.48, MLO
656ff6983f96ad5aaf9691c2,1968,8,25065,1968.623,322.11,323.46,321.87,323.25,322.11,323.46, MLO
656ff6983f96ad5aaf9691c3,1968,9,25096,1968.7077,320.33,323.33,320.35,323.37,320.33,323.33, MLO
656ff6983f96ad5aaf9691c4,1968,10,25126,1968.7896,320.25,323.34,320.41,323.49,320.25,323.34, MLO
656ff6983f96ad5aaf9691c5,1968,11,25157,1968.8743,321.32,323.26,321.7,323.62,321.32,323.26, MLO
656ff6983f96ad5aaf9691c6,1968,12,25187,1968.9563,322.89,323.68,322.97,323.75,322.89,323.68, MLO
656ff6983f96ad5aaf9691c7,1969,1,25218,1969.0411,324,323.94,323.96,323.89,324,323.94, MLO
656ff6983f96ad5aaf9691c8,1969,2,25249,1969.126,324.41,323.75,324.71,324.03,324.41,323.75, MLO
656ff6983f96ad5aaf9691c9,1969,3,25277,1969.2027,325.63,324.32,325.49,324.16,325.63,324.32, MLO
656ff6983f96ad5aaf9691ca,1969,4,25308,1969.2877,326.66,324.28,326.7,324.3,326.66,324.28, MLO
656ff6983f96ad5aaf9691cb,1969,5,25338,1969.3699,327.38,324.46,327.36,324.44,327.38,324.46, MLO
656ff6983f96ad5aaf9691cc,1969,6,25369,1969.4548,326.71,324.49,326.77,324.57,326.71,324.49, MLO
656ff6983f96ad5aaf9691cd,1969,7,25399,1969.537,325.88,325.19,325.35,324.69,325.88,325.19, MLO
656ff6983f96ad5aaf9691ce,1969,8,25430,1969.6219,323.66,325,323.43,324.8,323.66,325, MLO
656ff6983f96ad5aaf9691cf,1969,9,25461,1969.7068,322.38,325.38,321.88,324.9,322.38,325.38, MLO
656ff6983f96ad5aaf9691d0,1969,10,25491,1969.789,321.78,324.88,321.9,324.99,321.78,324.88, MLO
656ff6983f96ad5aaf9691d1,1969,11,25522,1969.874,322.85,324.8,323.15,325.08,322.85,324.8, MLO
656ff6983f96ad5aaf9691d2,1969,12,25552,1969.9562,324.11,324.91,324.38,325.16,324.11,324.91, MLO
656ff6983f96ad5aaf9691d3,1970,1,25583,1970.0411,325.06,325,325.31,325.24,325.06,325, MLO
656ff6983f96ad5aaf9691d4,1970,2,25614,1970.126,325.99,325.32,326,325.32,325.99,325.32, MLO
656ff6983f96ad5aaf9691d5,1970,3,25642,1970.2027,326.93,325.61,326.73,325.4,326.93,325.61, MLO
656ff6983f96ad5aaf9691d6,1970,4,25673,1970.2877,328.13,325.75,327.88,325.48,328.13,325.75, MLO
656ff6983f96ad5aaf9691d7,1970,5,25703,1970.3699,328.08,325.15,328.48,325.55,328.08,325.15, MLO
656ff6983f96ad5aaf9691d8,1970,6,25734,1970.4548,327.67,325.44,327.83,325.63,327.67,325.44, MLO
656ff6983f96ad5aaf9691d9,1970,7,25764,1970.537,326.34,325.65,326.36,325.7,326.34,325.65, MLO
656ff6983f96ad5aaf9691da,1970,8,25795,1970.6219,324.68,326.02,324.4,325.77,324.68,326.02, MLO
656ff6983f96ad5aaf9691db,1970,9,25826,1970.7068,323.1,326.11,322.8,325.83,323.1,326.11, MLO
656ff6983f96ad5aaf9691dc,1970,10,25856,1970.789,323.07,326.18,322.78,325.88,323.07,326.18, MLO
656ff6983f96ad5aaf9691dd,1970,11,25887,1970.874,324.01,325.96,324,325.93,324.01,325.96, MLO
656ff6983f96ad5aaf9691de,1970,12,25917,1970.9562,325.13,325.93,325.19,325.97,325.13,325.93, MLO
656ff6983f96ad5aaf9691df,1971,1,25948,1971.0411,326.17,326.11,326.08,326.01,326.17,326.11, MLO
656ff6983f96ad5aaf9691e0,1971,2,25979,1971.126,326.69,326.01,326.73,326.05,326.69,326.01, MLO
656ff6983f96ad5aaf9691e1,1971,3,26007,1971.2027,327.18,325.85,327.42,326.09,327.18,325.85, MLO
656ff6983f96ad5aaf9691e2,1971,4,26038,1971.2877,327.78,325.39,328.55,326.14,327.78,325.39, MLO
656ff6983f96ad5aaf9691e3,1971,5,26068,1971.3699,328.93,325.99,329.14,326.19,328.93,325.99, MLO
656ff6983f96ad5aaf9691e4,1971,6,26099,1971.4548,328.57,326.34,328.47,326.26,328.57,326.34, MLO
656ff6983f96ad5aaf9691e5,1971,7,26129,1971.537,327.36,326.67,326.99,326.33,327.36,326.67, MLO
656ff6983f96ad5aaf9691e6,1971,8,26160,1971.6219,325.43,326.77,325.03,326.4,325.43,326.77, MLO
656ff6983f96ad5aaf9691e7,1971,9,26191,1971.7068,323.36,326.38,323.44,326.47,323.36,326.38, MLO
656ff6983f96ad5aaf9691e8,1971,10,26221,1971.789,323.56,326.69,323.43,326.54,323.56,326.69, MLO
656ff6983f96ad5aaf9691e9,1971,11,26252,1971.874,324.8,326.75,324.68,326.62,324.8,326.75, MLO
656ff6983f96ad5aaf9691ea,1971,12,26282,1971.9562,326.01,326.81,325.91,326.7,326.01,326.81, MLO
656ff6983f96ad5aaf9691eb,1972,1,26313,1972.041,326.77,326.71,326.85,326.78,326.77,326.71, MLO
656ff6983f96ad5aaf9691ec,1972,2,26344,1972.1257,327.63,326.96,327.56,326.88,327.63,326.96, MLO
656ff6983f96ad5aaf9691ed,1972,3,26373,1972.2049,327.75,326.4,328.34,326.98,327.75,326.4, MLO
656ff6983f96ad5aaf9691ee,1972,4,26404,1972.2896,329.72,327.3,329.54,327.1,329.72,327.3, MLO
656ff6983f96ad5aaf9691ef,1972,5,26434,1972.3716,330.07,327.12,330.18,327.23,330.07,327.12, MLO
656ff6983f96ad5aaf9691f0,1972,6,26465,1972.4563,329.09,326.87,329.58,327.38,329.09,326.87, MLO
656ff6983f96ad5aaf9691f1,1972,7,26495,1972.5383,328.04,327.37,328.18,327.54,328.04,327.37, MLO
656ff6983f96ad5aaf9691f2,1972,8,26526,1972.623,326.32,327.69,326.32,327.72,326.32,327.69, MLO
656ff6983f96ad5aaf9691f3,1972,9,26557,1972.7077,324.84,327.88,324.86,327.91,324.84,327.88, MLO
656ff6983f96ad5aaf9691f4,1972,10,26587,1972.7896,325.2,328.33,324.99,328.11,325.2,328.33, MLO
656ff6983f96ad5aaf9691f5,1972,11,26618,1972.8743,326.5,328.46,326.37,328.31,326.5,328.46, MLO
656ff6983f96ad5aaf9691f6,1972,12,26648,1972.9563,327.55,328.35,327.73,328.51,327.55,328.35, MLO
656ff6983f96ad5aaf9691f7,1973,1,26679,1973.0411,328.55,328.49,328.79,328.72,328.55,328.49, MLO
656ff6983f96ad5aaf9691f8,1973,2,26710,1973.126,329.56,328.89,329.61,328.92,329.56,328.89, MLO
656ff6983f96ad5aaf9691f9,1973,3,26738,1973.2027,330.3,328.97,330.45,329.11,330.3,328.97, MLO
656ff6983f96ad5aaf9691fa,1973,4,26769,1973.2877,331.5,329.09,331.72,329.3,331.5,329.09, MLO
656ff6983f96ad5aaf9691fb,1973,5,26799,1973.3699,332.48,329.52,332.43,329.47,332.48,329.52, MLO
656ff6983f96ad5aaf9691fc,1973,6,26830,1973.4548,332.07,329.83,331.86,329.64,332.07,329.83, MLO
656ff6983f96ad5aaf9691fd,1973,7,26860,1973.537,330.87,330.17,330.44,329.77,330.87,330.17, MLO
656ff6983f96ad5aaf9691fe,1973,8,26891,1973.6219,329.31,330.66,328.49,329.88,329.31,330.66, MLO
656ff6983f96ad5aaf9691ff,1973,9,26922,1973.7068,327.52,330.56,326.9,329.96,327.52,330.56, MLO
656ff6983f96ad5aaf969200,1973,10,26952,1973.789,327.19,330.33,326.88,330.01,327.19,330.33, MLO
656ff6983f96ad5aaf969201,1973,11,26983,1973.874,328.17,330.14,328.1,330.05,328.17,330.14, MLO
656ff6983f96ad5aaf969202,1973,12,27013,1973.9562,328.65,329.45,329.29,330.07,328.65,329.45, MLO
656ff6983f96ad5aaf969203,1974,1,27044,1974.0411,329.36,329.3,330.17,330.1,329.36,329.3, MLO
656ff6983f96ad5aaf969204,1974,2,27075,1974.126,330.71,330.03,330.81,330.12,330.71,330.03, MLO
656ff6983f96ad5aaf969205,1974,3,27103,1974.2027,331.49,330.15,331.5,330.15,331.49,330.15, MLO
656ff6983f96ad5aaf969206,1974,4,27134,1974.2877,332.65,330.24,332.62,330.19,332.65,330.24, MLO
656ff6983f96ad5aaf969207,1974,5,27164,1974.3699,333.1,330.13,333.19,330.23,333.1,330.13, MLO
656ff6983f96ad5aaf969208,1974,6,27195,1974.4548,332.26,330.01,332.5,330.27,332.26,330.01, MLO
656ff6983f96ad5aaf969209,1974,7,27225,1974.537,331.18,330.48,330.99,330.32,331.18,330.48, MLO
656ff6983f96ad5aaf96920a,1974,8,27256,1974.6219,329.4,330.75,328.98,330.37,329.4,330.75, MLO
656ff6983f96ad5aaf96920b,1974,9,27287,1974.7068,327.44,330.49,327.35,330.42,327.44,330.49, MLO
656ff6983f96ad5aaf96920c,1974,10,27317,1974.789,327.38,330.53,327.33,330.47,327.38,330.53, MLO
656ff6983f96ad5aaf96920d,1974,11,27348,1974.874,328.46,330.44,328.57,330.53,328.46,330.44, MLO
656ff6983f96ad5aaf96920e,1974,12,27378,1974.9562,329.58,330.38,329.8,330.59,329.58,330.38, MLO
656ff6983f96ad5aaf96920f,1975,1,27409,1975.0411,330.41,330.35,330.74,330.66,330.41,330.35, MLO
656ff6983f96ad5aaf969210,1975,2,27440,1975.126,331.41,330.73,331.43,330.75,331.41,330.73, MLO
656ff6983f96ad5aaf969211,1975,3,27468,1975.2027,332.04,330.7,332.18,330.83,332.04,330.7, MLO
656ff6983f96ad5aaf969212,1975,4,27499,1975.2877,333.32,330.89,333.36,330.92,333.32,330.89, MLO
656ff6983f96ad5aaf969213,1975,5,27529,1975.3699,333.98,331,333.99,331.01,333.98,331, MLO
656ff6983f96ad5aaf969214,1975,6,27560,1975.4548,333.62,331.36,333.35,331.11,333.62,331.36, MLO
656ff6983f96ad5aaf969215,1975,7,27590,1975.537,331.91,331.21,331.88,331.21,331.91,331.21, MLO
656ff6983f96ad5aaf969216,1975,8,27621,1975.6219,330.06,331.42,329.91,331.3,330.06,331.42, MLO
656ff6983f96ad5aaf969217,1975,9,27652,1975.7068,328.57,331.62,328.32,331.39,328.57,331.62, MLO
656ff6983f96ad5aaf969218,1975,10,27682,1975.789,328.35,331.51,328.33,331.48,328.35,331.51, MLO
656ff6983f96ad5aaf969219,1975,11,27713,1975.874,329.5,331.48,329.6,331.56,329.5,331.48, MLO
656ff6983f96ad5aaf96921a,1975,12,27743,1975.9562,330.77,331.58,330.85,331.64,330.77,331.58, MLO
656ff6983f96ad5aaf96921b,1976,1,27774,1976.041,331.76,331.7,331.8,331.73,331.76,331.7, MLO
656ff6983f96ad5aaf96921c,1976,2,27805,1976.1257,332.58,331.9,332.49,331.81,332.58,331.9, MLO
656ff6983f96ad5aaf96921d,1976,3,27834,1976.2049,333.5,332.14,333.26,331.88,333.5,332.14, MLO
656ff6983f96ad5aaf96921e,1976,4,27865,1976.2896,334.59,332.14,334.43,331.96,334.59,332.14, MLO
656ff6983f96ad5aaf96921f,1976,5,27895,1976.3716,334.89,331.9,335.02,332.04,334.89,331.9, MLO
656ff6983f96ad5aaf969220,1976,6,27926,1976.4563,334.34,332.1,334.34,332.12,334.34,332.1, MLO
656ff6983f96ad5aaf969221,1976,7,27956,1976.5383,333.06,332.38,332.85,332.21,333.06,332.38, MLO
656ff6983f96ad5aaf969222,1976,8,27987,1976.623,330.95,332.34,330.88,332.3,330.95,332.34, MLO
656ff6983f96ad5aaf969223,1976,9,28018,1976.7077,329.31,332.39,329.31,332.4,329.31,332.39, MLO
656ff6983f96ad5aaf969224,1976,10,28048,1976.7896,328.95,332.12,329.36,332.51,328.95,332.12, MLO
656ff6983f96ad5aaf969225,1976,11,28079,1976.8743,330.32,332.3,330.68,332.64,330.32,332.3, MLO
656ff6983f96ad5aaf969226,1976,12,28109,1976.9563,331.69,332.5,331.99,332.78,331.69,332.5, MLO
656ff6983f96ad5aaf969227,1977,1,28140,1977.0411,332.94,332.88,333.02,332.94,332.94,332.88, MLO
656ff6983f96ad5aaf969228,1977,2,28171,1977.126,333.43,332.75,333.81,333.12,333.43,332.75, MLO
656ff6983f96ad5aaf969229,1977,3,28199,1977.2027,334.71,333.36,334.64,333.28,334.71,333.36, MLO
656ff6983f96ad5aaf96922a,1977,4,28230,1977.2877,336.08,333.64,335.92,333.47,336.08,333.64, MLO
656ff6983f96ad5aaf96922b,1977,5,28260,1977.3699,336.76,333.76,336.64,333.64,336.76,333.76, MLO
656ff6983f96ad5aaf96922c,1977,6,28291,1977.4548,336.28,334.01,336.08,333.83,336.28,334.01, MLO
656ff6983f96ad5aaf96922d,1977,7,28321,1977.537,334.93,334.22,334.67,333.99,334.93,334.22, MLO
656ff6983f96ad5aaf96922e,1977,8,28352,1977.6219,332.76,334.13,332.76,334.16,332.76,334.13, MLO
656ff6983f96ad5aaf96922f,1977,9,28383,1977.7068,331.6,334.68,331.23,334.32,331.6,334.68, MLO
656ff6983f96ad5aaf969230,1977,10,28413,1977.789,331.17,334.35,331.3,334.46,331.17,334.35, MLO
656ff6983f96ad5aaf969231,1977,11,28444,1977.874,332.41,334.41,332.64,334.61,332.41,334.41, MLO
656ff6983f96ad5aaf969232,1977,12,28474,1977.9562,333.86,334.67,333.95,334.75,333.86,334.67, MLO
656ff6983f96ad5aaf969233,1978,1,28505,1978.0411,334.98,334.92,334.96,334.88,334.98,334.92, MLO
656ff6983f96ad5aaf969234,1978,2,28536,1978.126,335.4,334.71,335.71,335.02,335.4,334.71, MLO
656ff6983f96ad5aaf969235,1978,3,28564,1978.2027,336.65,335.3,336.5,335.14,336.65,335.3, MLO
656ff6983f96ad5aaf969236,1978,4,28595,1978.2877,337.76,335.32,337.72,335.26,337.76,335.32, MLO
656ff6983f96ad5aaf969237,1978,5,28625,1978.3699,338.02,335.02,338.39,335.38,338.02,335.02, MLO
656ff6983f96ad5aaf969238,1978,6,28656,1978.4548,337.91,335.63,337.76,335.5,337.91,335.63, MLO
656ff6983f96ad5aaf969239,1978,7,28686,1978.537,336.55,335.84,336.28,335.61,336.55,335.84, MLO
656ff6983f96ad5aaf96923a,1978,8,28717,1978.6219,334.69,336.06,334.3,335.71,334.69,336.06, MLO
656ff6983f96ad5aaf96923b,1978,9,28748,1978.7068,332.77,335.86,332.7,335.81,332.77,335.86, MLO
656ff6983f96ad5aaf96923c,1978,10,28778,1978.789,332.56,335.75,332.72,335.9,332.56,335.75, MLO
656ff6983f96ad5aaf96923d,1978,11,28809,1978.874,333.93,335.93,334.02,336,333.93,335.93, MLO
656ff6983f96ad5aaf96923e,1978,12,28839,1978.9562,334.96,335.77,335.29,336.09,334.96,335.77, MLO
656ff6983f96ad5aaf96923f,1979,1,28870,1979.0411,336.24,336.18,336.27,336.2,336.24,336.18, MLO
656ff6983f96ad5aaf969240,1979,2,28901,1979.126,336.77,336.08,337.01,336.32,336.77,336.08, MLO
656ff6983f96ad5aaf969241,1979,3,28929,1979.2027,337.97,336.62,337.8,336.42,337.97,336.62, MLO
656ff6983f96ad5aaf969242,1979,4,28960,1979.2877,338.89,336.44,339.02,336.55,338.89,336.44, MLO
656ff6983f96ad5aaf969243,1979,5,28990,1979.3699,339.48,336.47,339.69,336.68,339.48,336.47, MLO
656ff6983f96ad5aaf969244,1979,6,29021,1979.4548,339.3,337.01,339.08,336.81,339.3,337.01, MLO
656ff6983f96ad5aaf969245,1979,7,29051,1979.537,337.74,337.03,337.63,336.95,337.74,337.03, MLO
656ff6983f96ad5aaf969246,1979,8,29082,1979.6219,336.1,337.47,335.68,337.09,336.1,337.47, MLO
656ff6983f96ad5aaf969247,1979,9,29113,1979.7068,333.93,337.03,334.12,337.23,333.93,337.03, MLO
656ff6983f96ad5aaf969248,1979,10,29143,1979.789,333.87,337.07,334.19,337.38,333.87,337.07, MLO
656ff6983f96ad5aaf969249,1979,11,29174,1979.874,335.3,337.31,335.55,337.54,335.3,337.31, MLO
656ff6983f96ad5aaf96924a,1979,12,29204,1979.9562,336.74,337.56,336.89,337.69,336.74,337.56, MLO
656ff6983f96ad5aaf96924b,1980,1,29235,1980.041,338.03,337.97,337.93,337.86,338.03,337.97, MLO
656ff6983f96ad5aaf96924c,1980,2,29266,1980.1257,338.37,337.68,338.73,338.03,338.37,337.68, MLO
656ff6983f96ad5aaf96924d,1980,3,29295,1980.2049,340.09,338.7,339.58,338.18,340.09,338.7, MLO
656ff6983f96ad5aaf96924e,1980,4,29326,1980.2896,340.78,338.29,340.85,338.35,340.78,338.29, MLO
656ff6983f96ad5aaf96924f,1980,5,29356,1980.3716,341.48,338.46,341.52,338.5,341.48,338.46, MLO
656ff6983f96ad5aaf969250,1980,6,29387,1980.4563,341.19,338.92,340.89,338.64,341.19,338.92, MLO
656ff6983f96ad5aaf969251,1980,7,29417,1980.5383,339.57,338.89,339.43,338.78,339.57,338.89, MLO
656ff6983f96ad5aaf969252,1980,8,29448,1980.623,337.61,339.02,337.47,338.91,337.61,339.02, MLO
656ff6983f96ad5aaf969253,1980,9,29479,1980.7077,335.9,339.01,335.9,339.03,335.9,339.01, MLO
656ff6983f96ad5aaf969254,1980,10,29509,1980.7896,336.03,339.23,335.95,339.14,336.03,339.23, MLO
656ff6983f96ad5aaf969255,1980,11,29540,1980.8743,337.12,339.13,337.27,339.25,337.12,339.13, MLO
656ff6983f96ad5aaf969256,1980,12,29570,1980.9563,338.23,339.05,338.55,339.36,338.23,339.05, MLO
656ff6983f96ad5aaf969257,1981,1,29601,1981.0411,339.25,339.19,339.53,339.46,339.25,339.19, MLO
656ff6983f96ad5aaf969258,1981,2,29632,1981.126,340.5,339.81,340.26,339.56,340.5,339.81, MLO
656ff6983f96ad5aaf969259,1981,3,29660,1981.2027,341.4,340.04,341.03,339.65,341.4,340.04, MLO
656ff6983f96ad5aaf96925a,1981,4,29691,1981.2877,342.52,340.06,342.23,339.74,342.52,340.06, MLO
656ff6983f96ad5aaf96925b,1981,5,29721,1981.3699,342.93,339.9,342.86,339.83,342.93,339.9, MLO
656ff6983f96ad5aaf96925c,1981,6,29752,1981.4548,342.27,339.97,342.19,339.91,342.27,339.97, MLO
656ff6983f96ad5aaf96925d,1981,7,29782,1981.537,340.5,339.79,340.68,340,340.5,339.79, MLO
656ff6983f96ad5aaf96925e,1981,8,29813,1981.6219,338.45,339.83,338.67,340.09,338.45,339.83, MLO
656ff6983f96ad5aaf96925f,1981,9,29844,1981.7068,336.71,339.83,337.05,340.18,336.71,339.83, MLO
656ff6983f96ad5aaf969260,1981,10,29874,1981.789,336.88,340.1,337.08,340.28,336.88,340.1, MLO
656ff6983f96ad5aaf969261,1981,11,29905,1981.874,338.38,340.4,338.4,340.39,338.38,340.4, MLO
656ff6983f96ad5aaf969262,1981,12,29935,1981.9562,339.63,340.46,339.69,340.5,339.63,340.46, MLO
656ff6983f96ad5aaf969263,1982,1,29966,1982.0411,340.77,340.71,340.68,340.61,340.77,340.71, MLO
656ff6983f96ad5aaf969264,1982,2,29997,1982.126,341.63,340.94,341.42,340.72,341.63,340.94, MLO
656ff6983f96ad5aaf969265,1982,3,30025,1982.2027,342.72,341.35,342.19,340.8,342.72,341.35, MLO
656ff6983f96ad5aaf969266,1982,4,30056,1982.2877,343.59,341.11,343.39,340.9,343.59,341.11, MLO
656ff6983f96ad5aaf969267,1982,5,30086,1982.3699,344.16,341.12,344.02,340.98,344.16,341.12, MLO
656ff6983f96ad5aaf969268,1982,6,30117,1982.4548,343.37,341.06,343.34,341.06,343.37,341.06, MLO
656ff6983f96ad5aaf969269,1982,7,30147,1982.537,342.07,341.36,341.82,341.14,342.07,341.36, MLO
656ff6983f96ad5aaf96926a,1982,8,30178,1982.6219,339.83,341.22,339.79,341.22,339.83,341.22, MLO
656ff6983f96ad5aaf96926b,1982,9,30209,1982.7068,338,341.12,338.16,341.3,338,341.12, MLO
656ff6983f96ad5aaf96926c,1982,10,30239,1982.789,337.88,341.11,338.18,341.4,337.88,341.11, MLO
656ff6983f96ad5aaf96926d,1982,11,30270,1982.874,339.28,341.31,339.51,341.51,339.28,341.31, MLO
656ff6983f96ad5aaf96926e,1982,12,30300,1982.9562,340.51,341.33,340.83,341.64,340.51,341.33, MLO
656ff6983f96ad5aaf96926f,1983,1,30331,1983.0411,341.4,341.33,341.87,341.8,341.4,341.33, MLO
656ff6983f96ad5aaf969270,1983,2,30362,1983.126,342.54,341.85,342.67,341.97,342.54,341.85, MLO
656ff6983f96ad5aaf969271,1983,3,30390,1983.2027,343.12,341.74,343.52,342.13,343.12,341.74, MLO
656ff6983f96ad5aaf969272,1983,4,30421,1983.2877,344.96,342.48,344.82,342.33,344.96,342.48, MLO
656ff6983f96ad5aaf969273,1983,5,30451,1983.3699,345.78,342.73,345.56,342.52,345.78,342.73, MLO
656ff6983f96ad5aaf969274,1983,6,30482,1983.4548,345.34,343.02,345,342.71,345.34,343.02, MLO
656ff6983f96ad5aaf969275,1983,7,30512,1983.537,344,343.28,343.57,342.88,344,343.28, MLO
656ff6983f96ad5aaf969276,1983,8,30543,1983.6219,342.4,343.79,341.63,343.06,342.4,343.79, MLO
656ff6983f96ad5aaf969277,1983,9,30574,1983.7068,339.89,343.02,340.07,343.22,339.89,343.02, MLO
656ff6983f96ad5aaf969278,1983,10,30604,1983.789,340,343.24,340.15,343.37,340,343.24, MLO
656ff6983f96ad5aaf969279,1983,11,30635,1983.874,341.16,343.19,341.52,343.53,341.16,343.19, MLO
656ff6983f96ad5aaf96927a,1983,12,30665,1983.9562,342.98,343.81,342.86,343.67,342.98,343.81, MLO
656ff6983f96ad5aaf96927b,1984,1,30696,1984.041,343.82,343.76,343.89,343.81,343.82,343.76, MLO
656ff6983f96ad5aaf96927c,1984,2,30727,1984.1257,344.62,343.93,344.66,343.95,344.62,343.93, MLO
656ff6983f96ad5aaf96927d,1984,3,30756,1984.2049,345.38,343.98,345.5,344.08,345.38,343.98, MLO
656ff6983f96ad5aaf96927e,1984,4,30787,1984.2896,347.14,344.63,346.74,344.21,347.14,344.63, MLO
656ff6983f96ad5aaf96927f,1984,5,30817,1984.3716,347.52,344.47,347.39,344.33,347.52,344.47, MLO
656ff6983f96ad5aaf969280,1984,6,30848,1984.4563,346.88,344.58,346.73,344.45,346.88,344.58, MLO
656ff6983f96ad5aaf969281,1984,7,30878,1984.5383,345.47,344.78,345.23,344.57,345.47,344.78, MLO
656ff6983f96ad5aaf969282,1984,8,30909,1984.623,343.34,344.76,343.23,344.68,343.34,344.76, MLO
656ff6983f96ad5aaf969283,1984,9,30940,1984.7077,341.13,344.29,341.63,344.8,341.13,344.29, MLO
656ff6983f96ad5aaf969284,1984,10,30970,1984.7896,341.4,344.64,341.68,344.91,341.4,344.64, MLO
656ff6983f96ad5aaf969285,1984,11,31001,1984.8743,343.02,345.05,343.02,345.03,343.02,345.05, MLO
656ff6983f96ad5aaf969286,1984,12,31031,1984.9563,344.25,345.08,344.34,345.15,344.25,345.08, MLO
656ff6983f96ad5aaf969287,1985,1,31062,1985.0411,344.99,344.93,345.35,345.28,344.99,344.93, MLO
656ff6983f96ad5aaf969288,1985,2,31093,1985.126,346.01,345.31,346.11,345.4,346.01,345.31, MLO
656ff6983f96ad5aaf969289,1985,3,31121,1985.2027,347.43,346.05,346.91,345.51,347.43,346.05, MLO
656ff6983f96ad5aaf96928a,1985,4,31152,1985.2877,348.34,345.85,348.14,345.62,348.34,345.85, MLO
656ff6983f96ad5aaf96928b,1985,5,31182,1985.3699,348.92,345.85,348.79,345.73,348.92,345.85, MLO
656ff6983f96ad5aaf96928c,1985,6,31213,1985.4548,348.24,345.91,348.13,345.82,348.24,345.91, MLO
656ff6983f96ad5aaf96928d,1985,7,31243,1985.537,346.53,345.81,346.6,345.91,346.53,345.81, MLO
656ff6983f96ad5aaf96928e,1985,8,31274,1985.6219,344.64,346.04,344.56,346,344.64,346.04, MLO
656ff6983f96ad5aaf96928f,1985,9,31305,1985.7068,343.06,346.21,342.91,346.08,343.06,346.21, MLO
656ff6983f96ad5aaf969290,1985,10,31335,1985.789,342.78,346.03,342.92,346.17,342.78,346.03, MLO
656ff6983f96ad5aaf969291,1985,11,31366,1985.874,344.21,346.26,344.24,346.26,344.21,346.26, MLO
656ff6983f96ad5aaf969292,1985,12,31396,1985.9562,345.53,346.37,345.53,346.35,345.53,346.37, MLO
656ff6983f96ad5aaf969293,1986,1,31427,1986.0411,346.28,346.21,346.52,346.45,346.28,346.21, MLO
656ff6983f96ad5aaf969294,1986,2,31458,1986.126,346.93,346.23,347.27,346.56,346.93,346.23, MLO
656ff6983f96ad5aaf969295,1986,3,31486,1986.2027,347.83,346.44,348.07,346.67,347.83,346.44, MLO
656ff6983f96ad5aaf969296,1986,4,31517,1986.2877,349.53,347.03,349.31,346.79,349.53,347.03, MLO
656ff6983f96ad5aaf969297,1986,5,31547,1986.3699,350.19,347.12,349.99,346.91,350.19,347.12, MLO
656ff6983f96ad5aaf969298,1986,6,31578,1986.4548,349.54,347.2,349.36,347.04,349.54,347.2, MLO
656ff6983f96ad5aaf969299,1986,7,31608,1986.537,347.92,347.19,347.86,347.17,347.92,347.19, MLO
656ff6983f96ad5aaf96929a,1986,8,31639,1986.6219,345.88,347.28,345.86,347.3,345.88,347.28, MLO
656ff6983f96ad5aaf96929b,1986,9,31670,1986.7068,344.83,347.99,344.25,347.43,344.83,347.99, MLO
656ff6983f96ad5aaf96929c,1986,10,31700,1986.789,344.15,347.42,344.3,347.55,344.15,347.42, MLO
656ff6983f96ad5aaf96929d,1986,11,31731,1986.874,345.64,347.69,345.66,347.68,345.64,347.69, MLO
656ff6983f96ad5aaf96929e,1986,12,31761,1986.9562,346.88,347.71,347,347.82,346.88,347.71, MLO
656ff6983f96ad5aaf96929f,1987,1,31792,1987.0411,348,347.94,348.03,347.96,348,347.94, MLO
656ff6983f96ad5aaf9692a0,1987,2,31823,1987.126,348.47,347.76,348.83,348.11,348.47,347.76, MLO
656ff6983f96ad5aaf9692a1,1987,3,31851,1987.2027,349.4,348.02,349.67,348.26,349.4,348.02, MLO
656ff6983f96ad5aaf9692a2,1987,4,31882,1987.2877,350.97,348.46,350.96,348.44,350.97,348.46, MLO
656ff6983f96ad5aaf9692a3,1987,5,31912,1987.3699,351.84,348.75,351.7,348.61,351.84,348.75, MLO
656ff6983f96ad5aaf9692a4,1987,6,31943,1987.4548,351.25,348.91,351.12,348.8,351.25,348.91, MLO
656ff6983f96ad5aaf9692a5,1987,7,31973,1987.537,349.5,348.77,349.68,348.98,349.5,348.77, MLO
656ff6983f96ad5aaf9692a6,1987,8,32004,1987.6219,348.08,349.49,347.73,349.18,348.08,349.49, MLO
656ff6983f96ad5aaf9692a7,1987,9,32035,1987.7068,346.44,349.61,346.19,349.37,346.44,349.61, MLO
656ff6983f96ad5aaf9692a8,1987,10,32065,1987.789,346.1,349.37,346.3,349.56,346.1,349.37, MLO
656ff6983f96ad5aaf9692a9,1987,11,32096,1987.874,347.54,349.6,347.73,349.77,347.54,349.6, MLO
656ff6983f96ad5aaf9692aa,1987,12,32126,1987.9562,348.69,349.53,349.14,349.96,348.69,349.53, MLO
656ff6983f96ad5aaf9692ab,1988,1,32157,1988.041,350.16,350.1,350.25,350.17,350.16,350.1, MLO
656ff6983f96ad5aaf9692ac,1988,2,32188,1988.1257,351.47,350.77,351.1,350.38,351.47,350.77, MLO
656ff6983f96ad5aaf9692ad,1988,3,32217,1988.2049,351.96,350.54,352.01,350.57,351.96,350.54, MLO
656ff6983f96ad5aaf9692ae,1988,4,32248,1988.2896,353.33,350.79,353.33,350.77,353.33,350.79, MLO
656ff6983f96ad5aaf9692af,1988,5,32278,1988.3716,353.97,350.88,354.06,350.96,353.97,350.88, MLO
656ff6983f96ad5aaf9692b0,1988,6,32309,1988.4563,353.55,351.22,353.45,351.15,353.55,351.22, MLO
656ff6983f96ad5aaf9692b1,1988,7,32339,1988.5383,352.14,351.44,351.99,351.32,352.14,351.44, MLO
656ff6983f96ad5aaf9692b2,1988,8,32370,1988.623,350.19,351.63,350.02,351.49,350.19,351.63, MLO
656ff6983f96ad5aaf9692b3,1988,9,32401,1988.7077,348.5,351.69,348.44,351.65,348.5,351.69, MLO
656ff6983f96ad5aaf9692b4,1988,10,32431,1988.7896,348.66,351.94,348.52,351.79,348.66,351.94, MLO
656ff6983f96ad5aaf9692b5,1988,11,32462,1988.8743,349.85,351.9,349.89,351.93,349.85,351.9, MLO
656ff6983f96ad5aaf9692b6,1988,12,32492,1988.9563,351.12,351.96,351.23,352.05,351.12,351.96, MLO
656ff6983f96ad5aaf9692b7,1989,1,32523,1989.0411,352.55,352.49,352.24,352.17,352.55,352.49, MLO
656ff6983f96ad5aaf9692b8,1989,2,32554,1989.126,352.86,352.15,353,352.28,352.86,352.15, MLO
656ff6983f96ad5aaf9692b9,1989,3,32582,1989.2027,353.48,352.08,353.79,352.38,353.48,352.08, MLO
656ff6983f96ad5aaf9692ba,1989,4,32613,1989.2877,355.21,352.69,355.03,352.49,355.21,352.69, MLO
656ff6983f96ad5aaf9692bb,1989,5,32643,1989.3699,355.47,352.37,355.69,352.59,355.47,352.37, MLO
656ff6983f96ad5aaf9692bc,1989,6,32674,1989.4548,354.92,352.57,355.02,352.69,354.92,352.57, MLO
656ff6983f96ad5aaf9692bd,1989,7,32704,1989.537,353.7,352.96,353.48,352.78,353.7,352.96, MLO
656ff6983f96ad5aaf9692be,1989,8,32735,1989.6219,351.47,352.88,351.43,352.88,351.47,352.88, MLO
656ff6983f96ad5aaf9692bf,1989,9,32766,1989.7068,349.61,352.8,349.78,352.98,349.61,352.8, MLO
656ff6983f96ad5aaf9692c0,1989,10,32796,1989.789,349.79,353.08,349.79,353.08,349.79,353.08, MLO
656ff6983f96ad5aaf9692c1,1989,11,32827,1989.874,351.1,353.16,351.13,353.18,351.1,353.16, MLO
656ff6983f96ad5aaf9692c2,1989,12,32857,1989.9562,352.32,353.17,352.45,353.28,352.32,353.17, MLO
656ff6983f96ad5aaf9692c3,1990,1,32888,1990.0411,353.46,353.4,353.45,353.38,353.46,353.4, MLO
656ff6983f96ad5aaf9692c4,1990,2,32919,1990.126,354.5,353.79,354.2,353.48,354.5,353.79, MLO
656ff6983f96ad5aaf9692c5,1990,3,32947,1990.2027,355.19,353.79,354.99,353.58,355.19,353.79, MLO
656ff6983f96ad5aaf9692c6,1990,4,32978,1990.2877,356,353.47,356.23,353.68,356,353.47, MLO
656ff6983f96ad5aaf9692c7,1990,5,33008,1990.3699,356.96,353.85,356.9,353.79,356.96,353.85, MLO
656ff6983f96ad5aaf9692c8,1990,6,33039,1990.4548,356.04,353.68,356.24,353.9,356.04,353.68, MLO
656ff6983f96ad5aaf9692c9,1990,7,33069,1990.537,354.62,353.89,354.72,354.02,354.62,353.89, MLO
656ff6983f96ad5aaf9692ca,1990,8,33100,1990.6219,352.71,354.13,352.7,354.15,352.71,354.13, MLO
656ff6983f96ad5aaf9692cb,1990,9,33131,1990.7068,350.77,353.97,351.08,354.29,350.77,353.97, MLO
656ff6983f96ad5aaf9692cc,1990,10,33161,1990.789,350.99,354.29,351.14,354.43,350.99,354.29, MLO
656ff6983f96ad5aaf9692cd,1990,11,33192,1990.874,352.64,354.71,352.53,354.58,352.64,354.71, MLO
656ff6983f96ad5aaf9692ce,1990,12,33222,1990.9562,354.02,354.86,353.9,354.73,354.02,354.86, MLO
656ff6983f96ad5aaf9692cf,1991,1,33253,1991.0411,354.53,354.46,354.95,354.87,354.53,354.46, MLO
656ff6983f96ad5aaf9692d0,1991,2,33284,1991.126,355.55,354.84,355.74,355.02,355.55,354.84, MLO
656ff6983f96ad5aaf9692d1,1991,3,33312,1991.2027,356.96,355.55,356.55,355.13,356.96,355.55, MLO
656ff6983f96ad5aaf9692d2,1991,4,33343,1991.2877,358.4,355.86,357.8,355.25,358.4,355.86, MLO
656ff6983f96ad5aaf9692d3,1991,5,33373,1991.3699,359.14,356.02,358.46,355.34,359.14,356.02, MLO
656ff6983f96ad5aaf9692d4,1991,6,33404,1991.4548,358.04,355.68,357.77,355.42,358.04,355.68, MLO
656ff6983f96ad5aaf9692d5,1991,7,33434,1991.537,355.98,355.24,356.19,355.49,355.98,355.24, MLO
656ff6983f96ad5aaf9692d6,1991,8,33465,1991.6219,353.81,355.24,354.08,355.54,353.81,355.24, MLO
656ff6983f96ad5aaf9692d7,1991,9,33496,1991.7068,351.95,355.16,352.38,355.6,351.95,355.16, MLO
656ff6983f96ad5aaf9692d8,1991,10,33526,1991.789,352.02,355.33,352.36,355.66,352.02,355.33, MLO
656ff6983f96ad5aaf9692d9,1991,11,33557,1991.874,353.55,355.63,353.67,355.72,353.55,355.63, MLO
656ff6983f96ad5aaf9692da,1991,12,33587,1991.9562,354.79,355.64,354.96,355.79,354.79,355.64, MLO
656ff6983f96ad5aaf9692db,1992,1,33618,1992.041,355.79,355.72,355.94,355.86,355.79,355.72, MLO
656ff6983f96ad5aaf9692dc,1992,2,33649,1992.1257,356.52,355.81,356.65,355.93,356.52,355.81, MLO
656ff6983f96ad5aaf9692dd,1992,3,33678,1992.2049,357.61,356.18,357.45,356,357.61,356.18, MLO
656ff6983f96ad5aaf9692de,1992,4,33709,1992.2896,358.95,356.38,358.65,356.06,358.95,356.38, MLO
656ff6983f96ad5aaf9692df,1992,5,33739,1992.3716,359.46,356.33,359.24,356.11,359.46,356.33, MLO
656ff6983f96ad5aaf9692e0,1992,6,33770,1992.4563,359.06,356.7,358.49,356.16,359.06,356.7, MLO
656ff6983f96ad5aaf9692e1,1992,7,33800,1992.5383,356.82,356.11,356.87,356.19,356.82,356.11, MLO
656ff6983f96ad5aaf9692e2,1992,8,33831,1992.623,354.8,356.25,354.73,356.23,354.8,356.25, MLO
656ff6983f96ad5aaf9692e3,1992,9,33862,1992.7077,352.81,356.03,353.01,356.26,352.81,356.03, MLO
656ff6983f96ad5aaf9692e4,1992,10,33892,1992.7896,353.11,356.43,352.98,356.29,353.11,356.43, MLO
656ff6983f96ad5aaf9692e5,1992,11,33923,1992.8743,353.96,356.04,354.27,356.33,353.96,356.04, MLO
656ff6983f96ad5aaf9692e6,1992,12,33953,1992.9563,355.2,356.05,355.54,356.37,355.2,356.05, MLO
656ff6983f96ad5aaf9692e7,1993,1,33984,1993.0411,356.5,356.44,356.5,356.42,356.5,356.44, MLO
656ff6983f96ad5aaf9692e8,1993,2,34015,1993.126,356.97,356.25,357.21,356.48,356.97,356.25, MLO
656ff6983f96ad5aaf9692e9,1993,3,34043,1993.2027,358.18,356.76,357.97,356.55,358.18,356.76, MLO
656ff6983f96ad5aaf9692ea,1993,4,34074,1993.2877,359.26,356.71,359.19,356.62,359.26,356.71, MLO
656ff6983f96ad5aaf9692eb,1993,5,34104,1993.3699,360.08,356.94,359.84,356.71,360.08,356.94, MLO
656ff6983f96ad5aaf9692ec,1993,6,34135,1993.4548,359.4,357.02,359.16,356.8,359.4,357.02, MLO
656ff6983f96ad5aaf9692ed,1993,7,34165,1993.537,357.38,356.63,357.6,356.9,357.38,356.63, MLO
656ff6983f96ad5aaf9692ee,1993,8,34196,1993.6219,355.33,356.76,355.54,357.01,355.33,356.76, MLO
656ff6983f96ad5aaf9692ef,1993,9,34227,1993.7068,353.5,356.73,353.89,357.14,353.5,356.73, MLO
656ff6983f96ad5aaf9692f0,1993,10,34257,1993.789,353.8,357.13,353.95,357.27,353.8,357.13, MLO
656ff6983f96ad5aaf9692f1,1993,11,34288,1993.874,355.15,357.24,355.36,357.43,355.15,357.24, MLO
656ff6983f96ad5aaf9692f2,1993,12,34318,1993.9562,356.62,357.47,356.75,357.59,356.62,357.47, MLO
656ff6983f96ad5aaf9692f3,1994,1,34349,1994.0411,358.19,358.12,357.83,357.76,358.19,358.12, MLO
656ff6983f96ad5aaf9692f4,1994,2,34380,1994.126,358.73,358.01,358.66,357.93,358.73,358.01, MLO
656ff6983f96ad5aaf9692f5,1994,3,34408,1994.2027,359.79,358.37,359.51,358.08,359.79,358.37, MLO
656ff6983f96ad5aaf9692f6,1994,4,34439,1994.2877,361.09,358.52,360.83,358.25,361.09,358.52, MLO
656ff6983f96ad5aaf9692f7,1994,5,34469,1994.3699,361.52,358.37,361.56,358.41,361.52,358.37, MLO
656ff6983f96ad5aaf9692f8,1994,6,34500,1994.4548,360.78,358.39,360.95,358.58,360.78,358.39, MLO
656ff6983f96ad5aaf9692f9,1994,7,34530,1994.537,359.38,358.63,359.46,358.75,359.38,358.63, MLO
656ff6983f96ad5aaf9692fa,1994,8,34561,1994.6219,357.31,358.74,357.45,358.92,357.31,358.74, MLO
656ff6983f96ad5aaf9692fb,1994,9,34592,1994.7068,355.68,358.91,355.85,359.1,355.68,358.91, MLO
656ff6983f96ad5aaf9692fc,1994,10,34622,1994.789,355.83,359.18,355.95,359.28,355.83,359.18, MLO
656ff6983f96ad5aaf9692fd,1994,11,34653,1994.874,357.42,359.52,357.39,359.46,357.42,359.52, MLO
656ff6983f96ad5aaf9692fe,1994,12,34683,1994.9562,358.87,359.73,358.81,359.64,358.87,359.73, MLO
656ff6983f96ad5aaf9692ff,1995,1,34714,1995.0411,359.81,359.75,359.91,359.83,359.81,359.75, MLO
656ff6983f96ad5aaf969300,1995,2,34745,1995.126,360.84,360.12,360.74,360.01,360.84,360.12, MLO
656ff6983f96ad5aaf969301,1995,3,34773,1995.2027,361.48,360.06,361.61,360.17,361.48,360.06, MLO
656ff6983f96ad5aaf969302,1995,4,34804,1995.2877,363.3,360.73,362.94,360.35,363.3,360.73, MLO
656ff6983f96ad5aaf969303,1995,5,34834,1995.3699,363.64,360.49,363.67,360.52,363.64,360.49, MLO
656ff6983f96ad5aaf969304,1995,6,34865,1995.4548,363.11,360.72,363.06,360.68,363.11,360.72, MLO
656ff6983f96ad5aaf969305,1995,7,34895,1995.537,361.74,361,361.55,360.84,361.74,361, MLO
656ff6983f96ad5aaf969306,1995,8,34926,1995.6219,359.31,360.75,359.53,361,359.31,360.75, MLO
656ff6983f96ad5aaf969307,1995,9,34957,1995.7068,357.91,361.16,357.91,361.17,357.91,361.16, MLO
656ff6983f96ad5aaf969308,1995,10,34987,1995.789,357.62,360.97,357.98,361.32,357.62,360.97, MLO
656ff6983f96ad5aaf969309,1995,11,35018,1995.874,359.42,361.53,359.41,361.49,359.42,361.53, MLO
656ff6983f96ad5aaf96930a,1995,12,35048,1995.9562,360.56,361.42,360.8,361.64,360.56,361.42, MLO
656ff6983f96ad5aaf96930b,1996,1,35079,1996.041,361.91,361.85,361.87,361.79,361.91,361.85, MLO
656ff6983f96ad5aaf96930c,1996,2,35110,1996.1257,363.11,362.39,362.67,361.94,363.11,362.39, MLO
656ff6983f96ad5aaf96930d,1996,3,35139,1996.2049,363.88,362.44,363.54,362.07,363.88,362.44, MLO
656ff6983f96ad5aaf96930e,1996,4,35170,1996.2896,364.58,361.98,364.82,362.2,364.58,361.98, MLO
656ff6983f96ad5aaf96930f,1996,5,35200,1996.3716,365.29,362.12,365.48,362.31,365.29,362.12, MLO
656ff6983f96ad5aaf969310,1996,6,35231,1996.4563,364.84,362.46,364.78,362.42,364.84,362.46, MLO
656ff6983f96ad5aaf969311,1996,7,35261,1996.5383,363.52,362.8,363.21,362.52,363.52,362.8, MLO
656ff6983f96ad5aaf969312,1996,8,35292,1996.623,361.35,362.82,361.11,362.62,361.35,362.82, MLO
656ff6983f96ad5aaf969313,1996,9,35323,1996.7077,359.32,362.58,359.42,362.7,359.32,362.58, MLO
656ff6983f96ad5aaf969314,1996,10,35353,1996.7896,359.48,362.83,359.44,362.78,359.48,362.83, MLO
656ff6983f96ad5aaf969315,1996,11,35384,1996.8743,360.64,362.74,360.78,362.86,360.64,362.74, MLO
656ff6983f96ad5aaf969316,1996,12,35414,1996.9563,362.21,363.06,362.1,362.94,362.21,363.06, MLO
656ff6983f96ad5aaf969317,1997,1,35445,1997.0411,363.06,363,363.1,363.02,363.06,363, MLO
656ff6983f96ad5aaf969318,1997,2,35476,1997.126,363.87,363.15,363.85,363.11,363.87,363.15, MLO
656ff6983f96ad5aaf969319,1997,3,35504,1997.2027,364.44,363.01,364.65,363.2,364.44,363.01, MLO
656ff6983f96ad5aaf96931a,1997,4,35535,1997.2877,366.23,363.65,365.91,363.31,366.23,363.65, MLO
656ff6983f96ad5aaf96931b,1997,5,35565,1997.3699,366.68,363.5,366.6,363.43,366.68,363.5, MLO
656ff6983f96ad5aaf96931c,1997,6,35596,1997.4548,365.52,363.11,365.95,363.56,365.52,363.11, MLO
656ff6983f96ad5aaf96931d,1997,7,35626,1997.537,364.36,363.61,364.43,363.71,364.36,363.61, MLO
656ff6983f96ad5aaf96931e,1997,8,35657,1997.6219,362.39,363.84,362.4,363.89,362.39,363.84, MLO
656ff6983f96ad5aaf96931f,1997,9,35688,1997.7068,360.08,363.34,360.81,364.09,360.08,363.34, MLO
656ff6983f96ad5aaf969320,1997,10,35718,1997.789,360.67,364.04,360.95,364.31,360.67,364.04, MLO
656ff6983f96ad5aaf969321,1997,11,35749,1997.874,362.32,364.44,362.46,364.55,362.32,364.44, MLO
656ff6983f96ad5aaf969322,1997,12,35779,1997.9562,364.17,365.03,363.96,364.8,364.17,365.03, MLO
656ff6983f96ad5aaf969323,1998,1,35810,1998.0411,365.22,365.16,365.15,365.07,365.22,365.16, MLO
656ff6983f96ad5aaf969324,1998,2,35841,1998.126,366.04,365.32,366.08,365.35,366.04,365.32, MLO
656ff6983f96ad5aaf969325,1998,3,35869,1998.2027,367.2,365.77,367.05,365.6,367.2,365.77, MLO
656ff6983f96ad5aaf969326,1998,4,35900,1998.2877,368.5,365.91,368.48,365.87,368.5,365.91, MLO
656ff6983f96ad5aaf969327,1998,5,35930,1998.3699,369.19,366.01,369.32,366.13,369.19,366.01, MLO
656ff6983f96ad5aaf969328,1998,6,35961,1998.4548,368.77,366.35,368.79,366.4,368.77,366.35, MLO
656ff6983f96ad5aaf969329,1998,7,35991,1998.537,367.53,366.78,367.36,366.64,367.53,366.78, MLO
656ff6983f96ad5aaf96932a,1998,8,36022,1998.6219,365.68,367.13,365.38,366.87,365.68,367.13, MLO
656ff6983f96ad5aaf96932b,1998,9,36053,1998.7068,363.8,367.07,363.8,367.09,363.8,367.07, MLO
656ff6983f96ad5aaf96932c,1998,10,36083,1998.789,364.13,367.52,363.91,367.28,364.13,367.52, MLO
656ff6983f96ad5aaf96932d,1998,11,36114,1998.874,365.36,367.48,365.36,367.46,365.36,367.48, MLO
656ff6983f96ad5aaf96932e,1998,12,36144,1998.9562,366.87,367.73,366.76,367.61,366.87,367.73, MLO
656ff6983f96ad5aaf96932f,1999,1,36175,1999.0411,368.05,367.99,367.82,367.74,368.05,367.99, MLO
656ff6983f96ad5aaf969330,1999,2,36206,1999.126,368.77,368.05,368.6,367.86,368.77,368.05, MLO
656ff6983f96ad5aaf969331,1999,3,36234,1999.2027,369.49,368.05,369.4,367.95,369.49,368.05, MLO
656ff6983f96ad5aaf969332,1999,4,36265,1999.2877,371.04,368.44,370.65,368.03,371.04,368.44, MLO
656ff6983f96ad5aaf969333,1999,5,36295,1999.3699,370.9,367.71,371.29,368.1,370.9,367.71, MLO
656ff6983f96ad5aaf969334,1999,6,36326,1999.4548,370.25,367.83,370.57,368.17,370.25,367.83, MLO
656ff6983f96ad5aaf969335,1999,7,36356,1999.537,369.17,368.41,368.96,368.24,369.17,368.41, MLO
656ff6983f96ad5aaf969336,1999,8,36387,1999.6219,366.83,368.29,366.82,368.31,366.83,368.29, MLO
656ff6983f96ad5aaf969337,1999,9,36418,1999.7068,364.54,367.82,365.09,368.38,364.54,367.82, MLO
656ff6983f96ad5aaf969338,1999,10,36448,1999.789,365.04,368.43,365.09,368.46,365.04,368.43, MLO
656ff6983f96ad5aaf969339,1999,11,36479,1999.874,366.58,368.71,366.45,368.55,366.58,368.71, MLO
656ff6983f96ad5aaf96933a,1999,12,36509,1999.9562,367.92,368.78,367.78,368.63,367.92,368.78, MLO
656ff6983f96ad5aaf96933b,2000,1,36540,2000.041,369.05,368.99,368.8,368.73,369.05,368.99, MLO
656ff6983f96ad5aaf96933c,2000,2,36571,2000.1257,369.37,368.64,369.56,368.82,369.37,368.64, MLO
656ff6983f96ad5aaf96933d,2000,3,36600,2000.2049,370.42,368.95,370.4,368.92,370.42,368.95, MLO
656ff6983f96ad5aaf96933e,2000,4,36631,2000.2896,371.57,368.94,371.68,369.03,371.57,368.94, MLO
656ff6983f96ad5aaf96933f,2000,5,36661,2000.3716,371.74,368.54,372.35,369.15,371.74,368.54, MLO
656ff6983f96ad5aaf969340,2000,6,36692,2000.4563,371.6,369.2,371.66,369.28,371.6,369.2, MLO
656ff6983f96ad5aaf969341,2000,7,36722,2000.5383,370.02,369.3,370.1,369.41,370.02,369.3, MLO
656ff6983f96ad5aaf969342,2000,8,36753,2000.623,368.03,369.52,368.03,369.55,368.03,369.52, MLO
656ff6983f96ad5aaf969343,2000,9,36784,2000.7077,366.53,369.83,366.38,369.7,366.53,369.83, MLO
656ff6983f96ad5aaf969344,2000,10,36814,2000.7896,366.64,370.04,366.46,369.84,366.64,370.04, MLO
656ff6983f96ad5aaf969345,2000,11,36845,2000.8743,368.2,370.33,367.88,369.98,368.2,370.33, MLO
656ff6983f96ad5aaf969346,2000,12,36875,2000.9563,369.44,370.31,369.26,370.11,369.44,370.31, MLO
656ff6983f96ad5aaf969347,2001,1,36906,2001.0411,370.2,370.13,370.32,370.24,370.2,370.13, MLO
656ff6983f96ad5aaf969348,2001,2,36937,2001.126,371.42,370.68,371.1,370.36,371.42,370.68, MLO
656ff6983f96ad5aaf969349,2001,3,36965,2001.2027,372.04,370.59,371.93,370.47,372.04,370.59, MLO
656ff6983f96ad5aaf96934a,2001,4,36996,2001.2877,372.78,370.17,373.22,370.59,372.78,370.17, MLO
656ff6983f96ad5aaf96934b,2001,5,37026,2001.3699,373.94,370.73,373.92,370.71,373.94,370.73, MLO
656ff6983f96ad5aaf96934c,2001,6,37057,2001.4548,373.23,370.79,373.26,370.84,373.23,370.79, MLO
656ff6983f96ad5aaf96934d,2001,7,37087,2001.537,371.54,370.78,371.7,370.97,371.54,370.78, MLO
656ff6983f96ad5aaf96934e,2001,8,37118,2001.6219,369.47,370.94,369.62,371.12,369.47,370.94, MLO
656ff6983f96ad5aaf96934f,2001,9,37149,2001.7068,367.88,371.18,367.96,371.27,367.88,371.18, MLO
656ff6983f96ad5aaf969350,2001,10,37179,2001.789,368.01,371.43,368.03,371.43,368.01,371.43, MLO
656ff6983f96ad5aaf969351,2001,11,37210,2001.874,369.6,371.74,369.48,371.59,369.6,371.74, MLO
656ff6983f96ad5aaf969352,2001,12,37240,2001.9562,371.15,372.03,370.9,371.75,371.15,372.03, MLO
656ff6983f96ad5aaf969353,2002,1,37271,2002.0411,372.36,372.29,372,371.92,372.36,372.29, MLO
656ff6983f96ad5aaf969354,2002,2,37302,2002.126,373,372.27,372.84,372.1,373,372.27, MLO
656ff6983f96ad5aaf969355,2002,3,37330,2002.2027,373.44,371.99,373.73,372.26,373.44,371.99, MLO
656ff6983f96ad5aaf969356,2002,4,37361,2002.2877,374.77,372.15,375.09,372.45,374.77,372.15, MLO
656ff6983f96ad5aaf969357,2002,5,37391,2002.3699,375.48,372.26,375.86,372.64,375.48,372.26, MLO
656ff6983f96ad5aaf969358,2002,6,37422,2002.4548,375.33,372.89,375.27,372.85,375.33,372.89, MLO
656ff6983f96ad5aaf969359,2002,7,37452,2002.537,373.95,373.19,373.79,373.06,373.95,373.19, MLO
656ff6983f96ad5aaf96935a,2002,8,37483,2002.6219,371.41,372.88,371.79,373.29,371.41,372.88, MLO
656ff6983f96ad5aaf96935b,2002,9,37514,2002.7068,370.63,373.94,370.2,373.52,370.63,373.94, MLO
656ff6983f96ad5aaf96935c,2002,10,37544,2002.789,370.18,373.6,370.35,373.75,370.18,373.6, MLO
656ff6983f96ad5aaf96935d,2002,11,37575,2002.874,372.01,374.15,371.86,373.99,372.01,374.15, MLO
656ff6983f96ad5aaf96935e,2002,12,37605,2002.9562,373.71,374.59,373.35,374.21,373.71,374.59, MLO
656ff6983f96ad5aaf96935f,2003,1,37636,2003.0411,374.61,374.55,374.51,374.43,374.61,374.55, MLO
656ff6983f96ad5aaf969360,2003,2,37667,2003.126,375.55,374.81,375.4,374.65,375.55,374.81, MLO
656ff6983f96ad5aaf969361,2003,3,37695,2003.2027,376.04,374.58,376.32,374.85,376.04,374.58, MLO
656ff6983f96ad5aaf969362,2003,4,37726,2003.2877,377.58,374.95,377.71,375.06,377.58,374.95, MLO
656ff6983f96ad5aaf969363,2003,5,37756,2003.3699,378.28,375.05,378.49,375.26,378.28,375.05, MLO
656ff6983f96ad5aaf969364,2003,6,37787,2003.4548,378.07,375.62,377.9,375.47,378.07,375.62, MLO
656ff6983f96ad5aaf969365,2003,7,37817,2003.537,376.54,375.78,376.39,375.66,376.54,375.78, MLO
656ff6983f96ad5aaf969366,2003,8,37848,2003.6219,374.42,375.89,374.34,375.85,374.42,375.89, MLO
656ff6983f96ad5aaf969367,2003,9,37879,2003.7068,372.92,376.24,372.7,376.03,372.92,376.24, MLO
656ff6983f96ad5aaf969368,2003,10,37909,2003.789,372.94,376.37,372.78,376.2,372.94,376.37, MLO
656ff6983f96ad5aaf969369,2003,11,37940,2003.874,374.29,376.44,374.23,376.36,374.29,376.44, MLO
656ff6983f96ad5aaf96936a,2003,12,37970,2003.9562,375.63,376.5,375.64,376.5,375.63,376.5, MLO
656ff6983f96ad5aaf96936b,2004,1,38001,2004.041,376.73,376.66,376.72,376.65,376.73,376.66, MLO
656ff6983f96ad5aaf96936c,2004,2,38032,2004.1257,377.31,376.57,377.53,376.78,377.31,376.57, MLO
656ff6983f96ad5aaf96936d,2004,3,38061,2004.2049,378.33,376.85,378.4,376.9,378.33,376.85, MLO
656ff6983f96ad5aaf96936e,2004,4,38092,2004.2896,380.44,377.78,379.7,377.02,380.44,377.78, MLO
656ff6983f96ad5aaf96936f,2004,5,38122,2004.3716,380.56,377.32,380.37,377.13,380.56,377.32, MLO
656ff6983f96ad5aaf969370,2004,6,38153,2004.4563,379.49,377.06,379.66,377.25,379.49,377.06, MLO
656ff6983f96ad5aaf969371,2004,7,38183,2004.5383,377.7,376.97,378.07,377.37,377.7,376.97, MLO
656ff6983f96ad5aaf969372,2004,8,38214,2004.623,375.77,377.28,375.97,377.51,375.77,377.28, MLO
656ff6983f96ad5aaf969373,2004,9,38245,2004.7077,373.99,377.33,374.31,377.66,373.99,377.33, MLO
656ff6983f96ad5aaf969374,2004,10,38275,2004.7896,374.17,377.61,374.41,377.83,374.17,377.61, MLO
656ff6983f96ad5aaf969375,2004,11,38306,2004.8743,375.79,377.94,375.88,378.01,375.79,377.94, MLO
656ff6983f96ad5aaf969376,2004,12,38336,2004.9563,377.39,378.27,377.34,378.2,377.39,378.27, MLO
656ff6983f96ad5aaf969377,2005,1,38367,2005.0411,378.29,378.22,378.48,378.4,378.29,378.22, MLO
656ff6983f96ad5aaf969378,2005,2,38398,2005.126,379.56,378.82,379.37,378.62,379.56,378.82, MLO
656ff6983f96ad5aaf969379,2005,3,38426,2005.2027,380.07,378.61,380.29,378.81,380.07,378.61, MLO
656ff6983f96ad5aaf96937a,2005,4,38457,2005.2877,382.01,379.37,381.7,379.04,382.01,379.37, MLO
656ff6983f96ad5aaf96937b,2005,5,38487,2005.3699,382.21,378.96,382.5,379.25,382.21,378.96, MLO
656ff6983f96ad5aaf96937c,2005,6,38518,2005.4548,382.05,379.58,381.91,379.47,382.05,379.58, MLO
656ff6983f96ad5aaf96937d,2005,7,38548,2005.537,380.63,379.87,380.42,379.68,380.63,379.87, MLO
656ff6983f96ad5aaf96937e,2005,8,38579,2005.6219,378.63,380.12,378.38,379.9,378.63,380.12, MLO
656ff6983f96ad5aaf96937f,2005,9,38610,2005.7068,376.39,379.72,376.75,380.11,376.39,379.72, MLO
656ff6983f96ad5aaf969380,2005,10,38640,2005.789,376.77,380.22,376.87,380.31,376.77,380.22, MLO
656ff6983f96ad5aaf969381,2005,11,38671,2005.874,378.27,380.43,378.37,380.51,378.27,380.43, MLO
656ff6983f96ad5aaf969382,2005,12,38701,2005.9562,379.92,380.81,379.83,380.69,379.92,380.81, MLO
656ff6983f96ad5aaf969383,2006,1,38732,2006.0411,381.33,381.27,380.95,380.88,381.33,381.27, MLO
656ff6983f96ad5aaf969384,2006,2,38763,2006.126,381.98,381.24,381.8,381.05,381.98,381.24, MLO
656ff6983f96ad5aaf969385,2006,3,38791,2006.2027,382.53,381.06,382.68,381.2,382.53,381.06, MLO
656ff6983f96ad5aaf969386,2006,4,38822,2006.2877,384.33,381.68,384.02,381.35,384.33,381.68, MLO
656ff6983f96ad5aaf969387,2006,5,38852,2006.3699,384.89,381.63,384.76,381.5,384.89,381.63, MLO
656ff6983f96ad5aaf969388,2006,6,38883,2006.4548,384,381.52,384.1,381.65,384,381.52, MLO
656ff6983f96ad5aaf969389,2006,7,38913,2006.537,382.25,381.48,382.52,381.79,382.25,381.48, MLO
656ff6983f96ad5aaf96938a,2006,8,38944,2006.6219,380.44,381.93,380.41,381.94,380.44,381.93, MLO
656ff6983f96ad5aaf96938b,2006,9,38975,2006.7068,378.77,382.12,378.72,382.09,378.77,382.12, MLO
656ff6983f96ad5aaf96938c,2006,10,39005,2006.789,379.03,382.49,378.79,382.23,379.03,382.49, MLO
656ff6983f96ad5aaf96938d,2006,11,39036,2006.874,380.11,382.28,380.24,382.38,380.11,382.28, MLO
656ff6983f96ad5aaf96938e,2006,12,39066,2006.9562,381.63,382.51,381.66,382.53,381.63,382.51, MLO
656ff6983f96ad5aaf96938f,2007,1,39097,2007.0411,382.55,382.49,382.76,382.68,382.55,382.49, MLO
656ff6983f96ad5aaf969390,2007,2,39128,2007.126,383.68,382.94,383.59,382.84,383.68,382.94, MLO
656ff6983f96ad5aaf969391,2007,3,39156,2007.2027,384.31,382.84,384.47,382.98,384.31,382.84, MLO
656ff6983f96ad5aaf969392,2007,4,39187,2007.2877,386.19,383.54,385.81,383.14,386.19,383.54, MLO
656ff6983f96ad5aaf969393,2007,5,39217,2007.3699,386.38,383.12,386.56,383.3,386.38,383.12, MLO
656ff6983f96ad5aaf969394,2007,6,39248,2007.4548,385.85,383.37,385.91,383.46,385.85,383.37, MLO
656ff6983f96ad5aaf969395,2007,7,39278,2007.537,384.41,383.64,384.35,383.61,384.41,383.64, MLO
656ff6983f96ad5aaf969396,2007,8,39309,2007.6219,381.81,383.3,382.25,383.78,381.81,383.3, MLO
656ff6983f96ad5aaf969397,2007,9,39340,2007.7068,380.83,384.19,380.57,383.94,380.83,384.19, MLO
656ff6983f96ad5aaf969398,2007,10,39370,2007.789,380.83,384.3,380.64,384.1,380.83,384.3, MLO
656ff6983f96ad5aaf969399,2007,11,39401,2007.874,382.32,384.5,382.1,384.25,382.32,384.5, MLO
656ff6983f96ad5aaf96939a,2007,12,39431,2007.9562,383.58,384.47,383.53,384.4,383.58,384.47, MLO
656ff6983f96ad5aaf96939b,2008,1,39462,2008.041,385.04,384.98,384.63,384.55,385.04,384.98, MLO
656ff6983f96ad5aaf96939c,2008,2,39493,2008.1257,385.81,385.07,385.45,384.7,385.81,385.07, MLO
656ff6983f96ad5aaf96939d,2008,3,39522,2008.2049,385.8,384.3,386.35,384.83,385.8,384.3, MLO
656ff6983f96ad5aaf96939e,2008,4,39553,2008.2896,386.74,384.05,387.7,384.99,386.74,384.05, MLO
656ff6983f96ad5aaf96939f,2008,5,39583,2008.3716,388.48,385.21,388.42,385.15,388.48,385.21, MLO
656ff6983f96ad5aaf9693a0,2008,6,39614,2008.4563,388.02,385.56,387.75,385.31,388.02,385.56, MLO
656ff6983f96ad5aaf9693a1,2008,7,39644,2008.5383,386.22,385.48,386.19,385.48,386.22,385.48, MLO
656ff6983f96ad5aaf9693a2,2008,8,39675,2008.623,384.05,385.57,384.09,385.65,384.05,385.57, MLO
656ff6983f96ad5aaf9693a3,2008,9,39706,2008.7077,383.05,386.43,382.42,385.81,383.05,386.43, MLO
656ff6983f96ad5aaf9693a4,2008,10,39736,2008.7896,382.75,386.22,382.51,385.97,382.75,386.22, MLO
656ff6983f96ad5aaf9693a5,2008,11,39767,2008.8743,383.98,386.16,383.98,386.13,383.98,386.16, MLO
656ff6983f96ad5aaf9693a6,2008,12,39797,2008.9563,385.08,385.97,385.41,386.28,385.08,385.97, MLO
656ff6983f96ad5aaf9693a7,2009,1,39828,2009.0411,386.63,386.56,386.52,386.44,386.63,386.56, MLO
656ff6983f96ad5aaf9693a8,2009,2,39859,2009.126,387.1,386.36,387.36,386.6,387.1,386.36, MLO
656ff6983f96ad5aaf9693a9,2009,3,39887,2009.2027,388.5,387.02,388.24,386.74,388.5,387.02, MLO
656ff6983f96ad5aaf9693aa,2009,4,39918,2009.2877,389.54,386.87,389.6,386.91,389.54,386.87, MLO
656ff6983f96ad5aaf9693ab,2009,5,39948,2009.3699,390.15,386.86,390.36,387.08,390.15,386.86, MLO
656ff6983f96ad5aaf9693ac,2009,6,39979,2009.4548,389.6,387.11,389.73,387.26,389.6,387.11, MLO
656ff6983f96ad5aaf9693ad,2009,7,40009,2009.537,388.05,387.27,388.19,387.45,388.05,387.27, MLO
656ff6983f96ad5aaf9693ae,2009,8,40040,2009.6219,386.06,387.56,386.12,387.65,386.06,387.56, MLO
656ff6983f96ad5aaf9693af,2009,9,40071,2009.7068,384.64,388.01,384.48,387.87,384.64,388.01, MLO
656ff6983f96ad5aaf9693b0,2009,10,40101,2009.789,384.32,387.81,384.61,388.08,384.32,387.81, MLO
656ff6983f96ad5aaf9693b1,2009,11,40132,2009.874,386.05,388.24,386.14,388.31,386.05,388.24, MLO
656ff6983f96ad5aaf9693b2,2009,12,40162,2009.9562,387.48,388.38,387.65,388.53,387.48,388.38, MLO
656ff6983f96ad5aaf9693b3,2010,1,40193,2010.0411,388.55,388.49,388.84,388.76,388.55,388.49, MLO
656ff6983f96ad5aaf9693b4,2010,2,40224,2010.126,390.08,389.33,389.75,388.99,390.08,389.33, MLO
656ff6983f96ad5aaf9693b5,2010,3,40252,2010.2027,391.02,389.54,390.68,389.18,391.02,389.54, MLO
656ff6983f96ad5aaf9693b6,2010,4,40283,2010.2877,392.39,389.71,392.09,389.39,392.39,389.71, MLO
656ff6983f96ad5aaf9693b7,2010,5,40313,2010.3699,393.24,389.95,392.88,389.59,393.24,389.95, MLO
656ff6983f96ad5aaf9693b8,2010,6,40344,2010.4548,392.26,389.76,392.25,389.77,392.26,389.76, MLO
656ff6983f96ad5aaf9693b9,2010,7,40374,2010.537,390.35,389.57,390.69,389.95,390.35,389.57, MLO
656ff6983f96ad5aaf9693ba,2010,8,40405,2010.6219,388.53,390.03,388.58,390.12,388.53,390.03, MLO
656ff6983f96ad5aaf9693bb,2010,9,40436,2010.7068,386.85,390.23,386.89,390.29,386.85,390.23, MLO
656ff6983f96ad5aaf9693bc,2010,10,40466,2010.789,387.18,390.68,386.96,390.44,387.18,390.68, MLO
656ff6983f96ad5aaf9693bd,2010,11,40497,2010.874,388.69,390.89,388.43,390.6,388.69,390.89, MLO
656ff6983f96ad5aaf9693be,2010,12,40527,2010.9562,389.83,390.73,389.86,390.73,389.83,390.73, MLO
656ff6983f96ad5aaf9693bf,2011,1,40558,2011.0411,391.33,391.26,390.95,390.87,391.33,391.26, MLO
656ff6983f96ad5aaf9693c0,2011,2,40589,2011.126,391.96,391.21,391.77,391.01,391.96,391.21, MLO
656ff6983f96ad5aaf9693c1,2011,3,40617,2011.2027,392.49,391,392.63,391.13,392.49,391, MLO
656ff6983f96ad5aaf9693c2,2011,4,40648,2011.2877,393.4,390.72,393.97,391.27,393.4,390.72, MLO
656ff6983f96ad5aaf9693c3,2011,5,40678,2011.3699,394.33,391.03,394.71,391.41,394.33,391.03, MLO
656ff6983f96ad5aaf9693c4,2011,6,40709,2011.4548,393.75,391.24,394.05,391.57,393.75,391.24, MLO
656ff6983f96ad5aaf9693c5,2011,7,40739,2011.537,392.64,391.86,392.48,391.74,392.64,391.86, MLO
656ff6983f96ad5aaf9693c6,2011,8,40770,2011.6219,390.25,391.75,390.37,391.91,390.25,391.75, MLO
656ff6983f96ad5aaf9693c7,2011,9,40801,2011.7068,389.05,392.44,388.69,392.09,389.05,392.44, MLO
656ff6983f96ad5aaf9693c8,2011,10,40831,2011.789,388.98,392.49,388.78,392.27,388.98,392.49, MLO
656ff6983f96ad5aaf9693c9,2011,11,40862,2011.874,390.3,392.5,390.28,392.46,390.3,392.5, MLO
656ff6983f96ad5aaf9693ca,2011,12,40892,2011.9562,391.86,392.76,391.76,392.64,391.86,392.76, MLO
656ff6983f96ad5aaf9693cb,2012,1,40923,2012.041,393.13,393.07,392.91,392.83,393.13,393.07, MLO
656ff6983f96ad5aaf9693cc,2012,2,40954,2012.1257,393.42,392.66,393.79,393.02,393.42,392.66, MLO
656ff6983f96ad5aaf9693cd,2012,3,40983,2012.2049,394.43,392.92,394.74,393.21,394.43,392.92, MLO
656ff6983f96ad5aaf9693ce,2012,4,41014,2012.2896,396.51,393.79,396.15,393.41,396.51,393.79, MLO
656ff6983f96ad5aaf9693cf,2012,5,41044,2012.3716,396.96,393.65,396.92,393.62,396.96,393.65, MLO
656ff6983f96ad5aaf9693d0,2012,6,41075,2012.4563,395.97,393.48,396.3,393.84,395.97,393.48, MLO
656ff6983f96ad5aaf9693d1,2012,7,41105,2012.5383,394.6,393.85,394.77,394.06,394.6,393.85, MLO
656ff6983f96ad5aaf9693d2,2012,8,41136,2012.623,392.61,394.15,392.72,394.29,392.61,394.15, MLO
656ff6983f96ad5aaf9693d3,2012,9,41167,2012.7077,391.2,394.61,391.1,394.53,391.2,394.61, MLO
656ff6983f96ad5aaf9693d4,2012,10,41197,2012.7896,391.09,394.6,391.27,394.77,391.09,394.6, MLO
656ff6983f96ad5aaf9693d5,2012,11,41228,2012.8743,393.03,395.22,392.84,395.01,393.03,395.22, MLO
656ff6983f96ad5aaf9693d6,2012,12,41258,2012.9563,394.42,395.31,394.36,395.24,394.42,395.31, MLO
656ff6983f96ad5aaf9693d7,2013,1,41289,2013.0411,395.69,395.63,395.56,395.48,395.69,395.63, MLO
656ff6983f96ad5aaf9693d8,2013,2,41320,2013.126,396.94,396.18,396.47,395.71,396.94,396.18, MLO
656ff6983f96ad5aaf9693d9,2013,3,41348,2013.2027,397.35,395.86,397.42,395.91,397.35,395.86, MLO
656ff6983f96ad5aaf9693da,2013,4,41379,2013.2877,398.44,395.74,398.84,396.12,398.44,395.74, MLO
656ff6983f96ad5aaf9693db,2013,5,41409,2013.3699,400.06,396.74,399.64,396.32,400.06,396.74, MLO
656ff6983f96ad5aaf9693dc,2013,6,41440,2013.4548,398.96,396.44,399.02,396.52,398.96,396.44, MLO
656ff6983f96ad5aaf9693dd,2013,7,41470,2013.537,397.45,396.67,397.46,396.71,397.45,396.67, MLO
656ff6983f96ad5aaf9693de,2013,8,41501,2013.6219,395.49,397,395.35,396.91,395.49,397, MLO
656ff6983f96ad5aaf9693df,2013,9,41532,2013.7068,393.47,396.88,393.67,397.1,393.47,396.88, MLO
656ff6983f96ad5aaf9693e0,2013,10,41562,2013.789,393.77,397.3,393.76,397.27,393.77,397.3, MLO
656ff6983f96ad5aaf9693e1,2013,11,41593,2013.874,395.27,397.48,395.27,397.46,395.27,397.48, MLO
656ff6983f96ad5aaf9693e2,2013,12,41623,2013.9562,396.9,397.8,396.74,397.63,396.9,397.8, MLO
656ff6983f96ad5aaf9693e3,2014,1,41654,2014.0411,398.01,397.94,397.88,397.8,398.01,397.94, MLO
656ff6983f96ad5aaf9693e4,2014,2,41685,2014.126,398.18,397.42,398.74,397.97,398.18,397.42, MLO
656ff6983f96ad5aaf9693e5,2014,3,41713,2014.2027,399.56,398.06,399.64,398.13,399.56,398.06, MLO
656ff6983f96ad5aaf9693e6,2014,4,41744,2014.2877,401.43,398.73,401.02,398.3,401.43,398.73, MLO
656ff6983f96ad5aaf9693e7,2014,5,41774,2014.3699,401.98,398.65,401.78,398.45,401.98,398.65, MLO
656ff6983f96ad5aaf9693e8,2014,6,41805,2014.4548,401.41,398.89,401.12,398.61,401.41,398.89, MLO
656ff6983f96ad5aaf9693e9,2014,7,41835,2014.537,399.17,398.38,399.52,398.77,399.17,398.38, MLO
656ff6983f96ad5aaf9693ea,2014,8,41866,2014.6219,397.3,398.81,397.37,398.93,397.3,398.81, MLO
656ff6983f96ad5aaf9693eb,2014,9,41897,2014.7068,395.49,398.9,395.65,399.09,395.49,398.9, MLO
656ff6983f96ad5aaf9693ec,2014,10,41927,2014.789,395.74,399.27,395.73,399.25,395.74,399.27, MLO
656ff6983f96ad5aaf9693ed,2014,11,41958,2014.874,397.32,399.53,397.23,399.42,397.32,399.53, MLO
656ff6983f96ad5aaf9693ee,2014,12,41988,2014.9562,398.88,399.79,398.7,399.58,398.88,399.79, MLO
656ff6983f96ad5aaf9693ef,2015,1,42019,2015.0411,399.95,399.88,399.84,399.76,399.95,399.88, MLO
656ff6983f96ad5aaf9693f0,2015,2,42050,2015.126,400.4,399.64,400.71,399.94,400.4,399.64, MLO
656ff6983f96ad5aaf9693f1,2015,3,42078,2015.2027,401.6,400.1,401.62,400.1,401.6,400.1, MLO
656ff6983f96ad5aaf9693f2,2015,4,42109,2015.2877,403.52,400.81,403.03,400.3,403.52,400.81, MLO
656ff6983f96ad5aaf9693f3,2015,5,42139,2015.3699,404.04,400.7,403.83,400.5,404.04,400.7, MLO
656ff6983f96ad5aaf9693f4,2015,6,42170,2015.4548,402.81,400.28,403.22,400.72,402.81,400.28, MLO
656ff6983f96ad5aaf9693f5,2015,7,42200,2015.537,401.54,400.75,401.7,400.95,401.54,400.75, MLO
656ff6983f96ad5aaf9693f6,2015,8,42231,2015.6219,398.93,400.45,399.65,401.21,398.93,400.45, MLO
656ff6983f96ad5aaf9693f7,2015,9,42262,2015.7068,397.43,400.86,398.05,401.49,397.43,400.86, MLO
656ff6983f96ad5aaf9693f8,2015,10,42292,2015.789,398.22,401.76,398.26,401.79,398.22,401.76, MLO
656ff6983f96ad5aaf9693f9,2015,11,42323,2015.874,400.17,402.39,399.9,402.1,400.17,402.39, MLO
656ff6983f96ad5aaf9693fa,2015,12,42353,2015.9562,401.82,402.73,401.52,402.41,401.82,402.73, MLO
656ff6983f96ad5aaf9693fb,2016,1,42384,2016.041,402.58,402.51,402.81,402.73,402.58,402.51, MLO
656ff6983f96ad5aaf9693fc,2016,2,42415,2016.1257,404.09,403.33,403.81,403.04,404.09,403.33, MLO
656ff6983f96ad5aaf9693fd,2016,3,42444,2016.2049,404.79,403.25,404.86,403.31,404.79,403.25, MLO
656ff6983f96ad5aaf9693fe,2016,4,42475,2016.2896,407.5,404.75,406.36,403.59,407.5,404.75, MLO
656ff6983f96ad5aaf9693ff,2016,5,42505,2016.3716,407.59,404.24,407.19,403.84,407.59,404.24, MLO
656ff6983f96ad5aaf969400,2016,6,42536,2016.4563,406.94,404.43,406.57,404.08,406.94,404.43, MLO
656ff6983f96ad5aaf969401,2016,7,42566,2016.5383,404.43,403.67,405.03,404.3,404.43,403.67, MLO
656ff6983f96ad5aaf969402,2016,8,42597,2016.623,402.17,403.72,402.93,404.53,402.17,403.72, MLO
656ff6983f96ad5aaf969403,2016,9,42628,2016.7077,400.95,404.39,401.28,404.75,400.95,404.39, MLO
656ff6983f96ad5aaf969404,2016,10,42658,2016.7896,401.43,404.98,401.42,404.96,401.43,404.98, MLO
656ff6983f96ad5aaf969405,2016,11,42689,2016.8743,403.57,405.79,402.97,405.17,403.57,405.79, MLO
656ff6983f96ad5aaf969406,2016,12,42719,2016.9563,404.48,405.39,404.47,405.36,404.48,405.39, MLO
656ff6983f96ad5aaf969407,2017,1,42750,2017.0411,406,405.94,405.64,405.55,406,405.94, MLO
656ff6983f96ad5aaf969408,2017,2,42781,2017.126,406.57,405.81,406.51,405.74,406.57,405.81, MLO
656ff6983f96ad5aaf969409,2017,3,42809,2017.2027,406.99,405.48,407.42,405.9,406.99,405.48, MLO
656ff6983f96ad5aaf96940a,2017,4,42840,2017.2877,408.88,406.15,408.81,406.07,408.88,406.15, MLO
656ff6983f96ad5aaf96940b,2017,5,42870,2017.3699,409.84,406.49,409.58,406.23,409.84,406.49, MLO
656ff6983f96ad5aaf96940c,2017,6,42901,2017.4548,409.05,406.5,408.91,406.39,409.05,406.5, MLO
656ff6983f96ad5aaf96940d,2017,7,42931,2017.537,407.13,406.34,407.3,406.54,407.13,406.34, MLO
656ff6983f96ad5aaf96940e,2017,8,42962,2017.6219,405.17,406.7,405.13,406.7,405.17,406.7, MLO
656ff6983f96ad5aaf96940f,2017,9,42993,2017.7068,403.2,406.65,403.39,406.85,403.2,406.65, MLO
656ff6983f96ad5aaf969410,2017,10,43023,2017.789,403.57,407.13,403.45,407,403.57,407.13, MLO
656ff6983f96ad5aaf969411,2017,11,43054,2017.874,405.1,407.33,404.95,407.16,405.1,407.33, MLO
656ff6983f96ad5aaf969412,2017,12,43084,2017.9562,406.68,407.59,406.42,407.31,406.68,407.59, MLO
656ff6983f96ad5aaf969413,2018,1,43115,2018.0411,407.98,407.91,407.55,407.46,407.98,407.91, MLO
656ff6983f96ad5aaf969414,2018,2,43146,2018.126,408.36,407.59,408.4,407.62,408.36,407.59, MLO
656ff6983f96ad5aaf969415,2018,3,43174,2018.2027,409.21,407.69,409.31,407.77,409.21,407.69, MLO
656ff6983f96ad5aaf969416,2018,4,43205,2018.2877,410.23,407.5,410.71,407.96,410.23,407.5, MLO
656ff6983f96ad5aaf969417,2018,5,43235,2018.3699,411.23,407.87,411.51,408.15,411.23,407.87, MLO
656ff6983f96ad5aaf969418,2018,6,43266,2018.4548,410.82,408.26,410.89,408.37,410.82,408.26, MLO
656ff6983f96ad5aaf969419,2018,7,43296,2018.537,408.83,408.04,409.35,408.59,408.83,408.04, MLO
656ff6983f96ad5aaf96941a,2018,8,43327,2018.6219,407.02,408.56,407.27,408.85,407.02,408.56, MLO
656ff6983f96ad5aaf96941b,2018,9,43358,2018.7068,405.53,408.98,405.64,409.12,405.53,408.98, MLO
656ff6983f96ad5aaf96941c,2018,10,43388,2018.789,405.93,409.5,405.82,409.38,405.93,409.5, MLO
656ff6983f96ad5aaf96941d,2018,11,43419,2018.874,408.04,410.28,407.44,409.65,408.04,410.28, MLO
656ff6983f96ad5aaf96941e,2018,12,43449,2018.9562,409.17,410.08,409.02,409.91,409.17,410.08, MLO
656ff6983f96ad5aaf96941f,2019,1,43480,2019.0411,410.85,410.78,410.25,410.17,410.85,410.78, MLO
656ff6983f96ad5aaf969420,2019,2,43511,2019.126,411.59,410.82,411.19,410.41,411.59,410.82, MLO
656ff6983f96ad5aaf969421,2019,3,43539,2019.2027,411.91,410.39,412.16,410.63,411.91,410.39, MLO
656ff6983f96ad5aaf969422,2019,4,43570,2019.2877,413.46,410.71,413.62,410.85,413.46,410.71, MLO
656ff6983f96ad5aaf969423,2019,5,43600,2019.3699,414.76,411.39,414.44,411.07,414.76,411.39, MLO
656ff6983f96ad5aaf969424,2019,6,43631,2019.4548,413.89,411.33,413.83,411.29,413.89,411.33, MLO
656ff6983f96ad5aaf969425,2019,7,43661,2019.537,411.78,410.99,412.27,411.51,411.78,410.99, MLO
656ff6983f96ad5aaf969426,2019,8,43692,2019.6219,410.01,411.55,410.15,411.73,410.01,411.55, MLO
656ff6983f96ad5aaf969427,2019,9,43723,2019.7068,408.48,411.94,408.47,411.95,408.48,411.94, MLO
656ff6983f96ad5aaf969428,2019,10,43753,2019.789,408.4,411.98,408.6,412.17,408.4,411.98, MLO
656ff6983f96ad5aaf969429,2019,11,43784,2019.874,410.16,412.41,410.17,412.39,410.16,412.41, MLO
656ff6983f96ad5aaf96942a,2019,12,43814,2019.9562,411.81,412.73,411.71,412.6,411.81,412.73, MLO
656ff6983f96ad5aaf96942b,2020,1,43845,2020.041,413.3,413.24,412.9,412.82,413.3,413.24, MLO
656ff6983f96ad5aaf96942c,2020,2,43876,2020.1257,414.05,413.28,413.81,413.03,414.05,413.28, MLO
656ff6983f96ad5aaf96942d,2020,3,43905,2020.2049,414.45,412.9,414.79,413.22,414.45,412.9, MLO
656ff6983f96ad5aaf96942e,2020,4,43936,2020.2896,416.11,413.33,416.22,413.43,416.11,413.33, MLO
656ff6983f96ad5aaf96942f,2020,5,43966,2020.3716,417.15,413.77,417,413.62,417.15,413.77, MLO
656ff6983f96ad5aaf969430,2020,6,43997,2020.4563,416.29,413.75,416.34,413.82,416.29,413.75, MLO
656ff6983f96ad5aaf969431,2020,7,44027,2020.5383,414.42,413.65,414.75,414.02,414.42,413.65, MLO
656ff6983f96ad5aaf969432,2020,8,44058,2020.623,412.52,414.09,412.61,414.22,412.52,414.09, MLO
656ff6983f96ad5aaf969433,2020,9,44089,2020.7077,411.18,414.67,410.91,414.42,411.18,414.67, MLO
656ff6983f96ad5aaf969434,2020,10,44119,2020.7896,411.12,414.71,411.03,414.61,411.12,414.71, MLO
656ff6983f96ad5aaf969435,2020,11,44150,2020.8743,412.88,415.13,412.57,414.8,412.88,415.13, MLO
656ff6983f96ad5aaf969436,2020,12,44180,2020.9563,413.89,414.8,414.07,414.97,413.89,414.8, MLO
656ff6983f96ad5aaf969437,2021,1,44211,2021.0411,415.15,415.08,415.23,415.15,415.15,415.08, MLO
656ff6983f96ad5aaf969438,2021,2,44242,2021.126,416.48,415.7,416.11,415.33,416.48,415.7, MLO
656ff6983f96ad5aaf969439,2021,3,44270,2021.2027,417.16,415.64,417.02,415.48,417.16,415.64, MLO
656ff6983f96ad5aaf96943a,2021,4,44301,2021.2877,418.24,415.48,418.43,415.65,418.24,415.48, MLO
656ff6983f96ad5aaf96943b,2021,5,44331,2021.3699,418.95,415.56,419.21,415.82,418.95,415.56, MLO
656ff6983f96ad5aaf96943c,2021,6,44362,2021.4548,418.7,416.13,418.54,415.99,418.7,416.13, MLO
656ff6983f96ad5aaf96943d,2021,7,44392,2021.537,416.65,415.85,416.93,416.17,416.65,415.85, MLO
656ff6983f96ad5aaf96943e,2021,8,44423,2021.6219,414.34,415.89,414.77,416.35,414.34,415.89, MLO
656ff6983f96ad5aaf96943f,2021,9,44454,2021.7068,412.91,416.39,413.04,416.54,412.91,416.39, MLO
656ff6983f96ad5aaf969440,2021,10,44484,2021.789,413.55,417.15,413.14,416.73,413.55,417.15, MLO
656ff6983f96ad5aaf969441,2021,11,44515,2021.874,414.82,417.08,414.68,416.91,414.82,417.08, MLO
656ff6983f96ad5aaf969442,2021,12,44545,2021.9562,416.43,417.36,416.18,417.08,416.43,417.36, MLO
656ff6983f96ad5aaf969443,2022,1,44576,2022.0411,418.01,417.95,417.33,417.24,418.01,417.95, MLO
656ff6983f96ad5aaf969444,2022,2,44607,2022.126,418.99,418.21,418.19,417.4,418.99,418.21, MLO
656ff6983f96ad5aaf969445,2022,3,44635,2022.2027,418.45,416.92,419.08,417.53,418.45,416.92, MLO
656ff6983f96ad5aaf969446,2022,4,44666,2022.2877,420.02,417.25,420.47,417.68,420.02,417.25, MLO
656ff6983f96ad5aaf969447,2022,5,44696,2022.3699,420.77,417.37,421.24,417.84,420.77,417.37, MLO
656ff6983f96ad5aaf969448,2022,6,44727,2022.4548,420.68,418.1,420.56,418,420.68,418.1, MLO
656ff6983f96ad5aaf969449,2022,7,44757,2022.537,418.68,417.87,418.94,418.18,418.68,417.87, MLO
656ff6983f96ad5aaf96944a,2022,8,44788,2022.6219,416.76,418.31,416.77,418.36,416.76,418.31, MLO
656ff6983f96ad5aaf96944b,2022,9,44819,2022.7068,415.41,418.9,415.04,418.55,415.41,418.9, MLO
656ff6983f96ad5aaf96944c,2022,10,44849,2022.789,415.31,418.92,415.15,418.75,415.31,418.92, MLO
656ff6983f96ad5aaf96944d,2022,11,44880,2022.874,417.04,419.3,416.71,418.95,417.04,419.3, MLO
656ff6983f96ad5aaf96944e,2022,12,44910,2022.9562,418.47,419.4,418.25,419.15,418.47,419.4, MKO
656ff6983f96ad5aaf96944f,2023,1,44941,2023.0411,419.23,419.17,419.45,419.37,419.23,419.17, MKO
656ff6983f96ad5aaf969450,2023,2,44972,2023.126,420.33,419.56,420.38,419.6,420.33,419.56, MKO
656ff6983f96ad5aaf969451,2023,3,45000,2023.2027,420.51,418.98,421.37,419.81,420.51,418.98, MLO
656ff6983f96ad5aaf969452,2023,4,45031,2023.2877,422.73,419.96,422.86,420.07,422.73,419.96, MLO
656ff6983f96ad5aaf969453,2023,5,45061,2023.3699,423.78,420.37,423.74,420.33,423.78,420.37, MLO
656ff6983f96ad5aaf969454,2023,6,45092,2023.4548,423.39,420.81,423.17,420.61,423.39,420.81, MLO
656ff6983f96ad5aaf969455,2023,7,45122,2023.537,421.62,420.82,421.66,420.89,421.62,420.82, MLO
656ff6983f96ad5aaf969456,2023,8,45153,2023.6219,419.56,421.11,419.58,421.18,419.56,421.11, MLO
656ff6983f96ad5aaf969457,2023,9,45184,2023.7068,418.07,421.57,417.96,421.48,418.07,421.57, MLO
656ff6983f96ad5aaf969458,2023,10,45214,2023.789,-99.99,-99.99,-99.99,-99.99,-99.99,-99.99, MLO
656ff6983f96ad5aaf969459,2023,11,45245,2023.874,-99.99,-99.99,-99.99,-99.99,-99.99,-99.99, MLO
656ff6983f96ad5aaf96945a,2023,12,45275,2023.9562,-99.99,-99.99,-99.99,-99.99,-99.99,-99.99, MLO
